time,open,high,low,close,Volume
11/15/04,44.42999,44.92,44.07001,44.78,17647301
11/22/04,44.75,45.60001,44.72,45.28999,24368002
11/29/04,45.10001,46,44.67999,45.60001,20331702
12/6/04,45.39,45.47,43.2,43.44,19080600
12/13/04,43.61,44.22,43.50999,44.19,11486200
12/20/04,44.33,44.37,43.89,44.27,6662100
12/27/04,44.28999,44.56,43.35001,43.8,10871700
1/3/05,42.98,43.17,41.7,41.84,17365099
1/10/05,41.99001,42.78999,41.89,42.32001,6252000
1/18/05,42.22,42.82001,42.11,42.74001,4411700
1/24/05,42.74001,42.82001,42.10001,42.69,5889500
1/31/05,42.21001,42.3,41.39,41.47,8003600
2/7/05,41.55,42.16,41.02,42.08,16199700
2/14/05,42.37,42.82001,42.2,42.75,9649400
2/22/05,43.39,43.63,43.14999,43.5,7232800
2/28/05,43.67999,43.74001,42.89999,43.38,8032200
3/7/05,43.32001,44.67,43.25999,44.42999,11714600
3/14/05,44.25999,44.35001,43.60001,43.892,7078000
3/21/05,43.24001,43.25,42.35001,42.39,10508700
3/28/05,42.45,42.87,42.41,42.62,6914900
4/4/05,42.42999,42.81,42.23,42.69,8273900
4/11/05,42.84,42.96001,42.16,42.39999,8488200
4/18/05,42.55,43.52,42.52,43.39,8023000
4/25/05,43.35001,43.7,42.99001,43.35001,11197500
5/2/05,43.13,43.17,42.34,42.52,7626900
5/9/05,42.53999,42.83,41.83,41.95,4508400
5/16/05,41.77,42.11,41.61,41.64999,5505400
5/23/05,41.69,41.96001,41.55,41.88,11016698
5/31/05,41.45,42.39,41.33,42.17,14095102
6/6/05,42.56,42.72,42.03,42.62,6146000
6/13/05,42.81,43.85001,42.58,43.63,9094200
6/20/05,43.94,44.13,43.42,43.89999,5414900
6/27/05,43.89999,43.92999,42.59,42.7,6354700
7/5/05,42.33,42.56,42.05,42.25999,9006799
7/11/05,42.33,42.64,41.7,42.05,7255800
7/18/05,41.96001,42.50999,41.81,42.45,6766400
7/25/05,42.46001,42.96001,42.14,42.82001,9178100
8/1/05,43.08,43.82001,42.99001,43.60001,5707800
8/8/05,43.52,44.72,43.166,44.49001,7725400
8/15/05,44.19,44.57001,43.49001,43.60001,7303100
8/22/05,43.84,43.96001,43.41,43.61,5333500
8/29/05,43.81,44.39999,42.81,44.25,10120200
9/6/05,44.42,44.87,44.19,44.84,4575500
9/12/05,44.67999,45.88,44.36,45.82001,8468200
9/19/05,46.27,47.13,45.92,46.28,16353002
9/26/05,45.84,47.23,45.66,46.7,11292300
10/3/05,46.62,47.48,46.14,47.36,9482000
10/10/05,47.31,47.72,46.41,46.8,13117500
10/17/05,47.25999,47.37,45.83,46.52,9075400
10/24/05,46.39,47.42,46.31,47.22,11489800
10/31/05,47.02,47.03999,45.32001,45.50999,10336000
11/7/05,45.67,46.82001,45.46001,46.8,5083600
11/14/05,46.56,48.61,46.50999,48.46001,10013298
11/21/05,48.69,49.99001,47.92,49.42,7691100
11/28/05,49.3,50.34,49.06,50.32001,10518800
12/5/05,50.42999,52.89999,50.21001,52.39999,15549400
12/12/05,53.09,53.75999,49.92999,50.09,28077801
12/19/05,50.58,50.75,48.8,50.12,16194298
12/27/05,50.64999,51.72,50.5,51.58,15383197
1/3/06,52.28999,53.87,52.10001,53.72,22186097
1/9/06,53.46001,55.56,53.31,55.44,23253801
1/17/06,55.25,56.60001,54.00999,55.2,22292898
1/23/06,55.59,56.53,55.25999,55.63,26985202
1/30/06,55.97,57.3,55.9501,56.5,23850200
2/6/06,56.75999,57.1499,54.33,54.78999,28656700
2/13/06,54.64,55.2,53.33,54.96001,23064695
2/21/06,55.14,55.71001,54.55,55.64,14544199
2/27/06,55.25999,56.82001,55.00999,56.28,16948800
3/6/06,56.41,56.45,53.14999,53.83,26818098
3/13/06,54.09,55.44,53.92,55.12,15382401
3/20/06,55.00999,55.83,54.24001,55.71001,15266998
3/27/06,56.17999,58.7,55.92,58.10001,23990498
4/3/06,58.62,59.34,58,58.59,25761301
4/10/06,59.48,59.85001,58.87,59.5,15227798
4/17/06,60.38,63.95,60.2,63.2,42996204
4/24/06,62.35001,65.27,61.60001,65.09,33592699
5/1/06,65.67999,68.00999,64.98,67.99001,48705301
5/8/06,67.2,72.25999,66.75,71.12,67331105
5/15/06,68.67999,70.17,64.7,65.58,78431094
5/22/06,64.42,67.16,63.22,65.10001,45326194
5/30/06,65.2,66.24001,61.8,63.5,34524602
6/5/06,63.82001,64.19,59.71001,60.45,45011199
6/12/06,60.78,60.84,55.05,57.67999,62232104
6/19/06,56.85001,58.77,56.14999,57.99001,34454301
6/26/06,58.25,61.35001,57.35001,61.23,31363901
7/3/06,61.96001,63.2,61.44,62.63,22272602
7/10/06,62.13,66.42,61.99001,65.85001,41012801
7/17/06,64.78999,65.22,61.21001,61.71001,38158699
7/24/06,60.63,63.61,59.83,63.11,23249500
7/31/06,63.12,65.22,62.44,64.28,21796203
8/7/06,64.47,65.13,62.24001,62.71001,26271504
8/14/06,62.39,62.89999,60.3,61.03999,22329202
8/21/06,62.09,62.67999,61.45,61.77,15562600
8/28/06,61.8,62.3,60.32001,62.14,18147601
9/5/06,63.2,63.63,60.28,60.64,16526596
9/11/06,58.85001,59.25,56.66,57.39999,34051400
9/18/06,57.47,58.75,56.84,58.5,22302802
9/25/06,58.14999,60.27,57.78,59.47,18349698
10/2/06,59.8,59.88,55.55,56.99001,23580499
10/9/06,57.46001,58.60001,56.48,58.57001,14912200
10/16/06,58.92999,59.64999,58.12,58.78,14467300
10/23/06,57.88,59.57001,56.87,59.39999,19786404
10/30/06,60.05,62.5,59.57001,62.3,31491199
11/6/06,62.17,63.13,60.87,62.49001,25803396
11/13/06,61.92999,62.52,61.25,61.78,20613899
11/20/06,62.06,63.67999,61.56,63.5,17627701
11/27/06,63.46001,64.55,62.82001,64.12,28046097
12/4/06,64.03,64.42,61.87,62.05,26579100
12/11/06,62.17999,62.60001,60.92999,61,19443999
12/18/06,60.85001,61.83,60.64999,61.64999,14966302
12/26/06,62.24001,63.25,61.87,63.21001,9695500
1/3/07,63.58,64.02,59.66,60.17,25420699
1/8/07,60.38,62.28,59.851,62.17,21895297
1/16/07,62.2,63.16,61.74001,63,15435701
1/22/07,63.00999,64.88,62.64999,64.10001,24985201
1/29/07,63.85001,65.63,63.66,64.28,27846796
2/5/07,64.67999,66.38,64.24001,66.12,20144098
2/12/07,66,66.66,65.41,66.36,23305390
2/20/07,66.10001,68.28999,65,67.72,30577704
2/26/07,67.97,68.33,63.34,63.71001,50239223
3/5/07,63.12,65.22,62.62,64.25,36265903
3/12/07,64.53999,64.99001,63.09,64.62,28387500
3/19/07,64.88,66.13,64.63,65.14999,22781500
3/26/07,65.36,66.48,64.92999,65.74001,23239297
4/2/07,65.74001,66.98,65.03,66.86,20238603
4/9/07,66.88,67.97,66.46001,67.84,21481700
4/16/07,68.14,68.73,67.25,68.7,25707702
4/23/07,68.41,68.64999,66.5,67.56,20076100
4/30/07,67.2,68.42999,66.11,68.19,18420801
5/7/07,68.42,68.46001,65.8,66.45,17591300
5/14/07,66.63,66.73,64.72,65.52,25298402
5/21/07,65.28999,65.89,64.52,64.94,33725403
5/29/07,65.12,66.53999,64.60001,66.44,19254400
6/4/07,66.61,66.75999,63.74001,64.22,23659001
6/11/07,64.34,64.94,63.89999,64.85001,17281701
6/18/07,65.19,65.56,64.13,64.78,11683600
6/25/07,64.48,64.74001,63.39,64.27,23379500
7/2/07,64.50999,65.23,63.88,64.96001,16956398
7/9/07,65,66.28999,64.99001,66.03,22632803
7/16/07,66.19,68,65.64999,67.58,21718304
7/23/07,67.8,68,64.73,65.41,31233002
7/30/07,65.37,66.92,65.07001,66.69,29485298
8/6/07,66.66,67.53999,65.24001,66.57001,29612006
8/13/07,66.45,66.52,63.47,65.00999,39021203
8/20/07,65.06,66.21001,64.73,66.11,19880603
8/27/07,66.00999,66.77,65.48,66.52,16926201
9/4/07,66.74001,70,66.59,69.39,43749903
9/10/07,69.96001,70.97,68.73,69.99001,39163097
9/17/07,70.39999,73.10001,70.35001,72.34,54539500
9/24/07,72.57001,73.8,71.64,73.50999,35963306
10/1/07,73.49001,73.98,71.24001,73.39999,43507796
10/8/07,72.66,74.59,71.98,74.59,29375494
10/15/07,74.99001,76.28999,73.78,75.7,37840296
10/22/07,74.09,77.7395,73.84,77.69,32426401
10/29/07,78.27,79.89999,76.89,79.83,38820500
11/5/07,79.67999,83.63,79.11,82.17999,53544019
11/12/07,80.41,80.67999,77.17,77.75,53434997
11/19/07,77.84,81.61,76.11,81.25,30595602
11/26/07,82.25,82.25,76.98,77.32001,43193597
12/3/07,77.39,79.64999,77.3,78.60001,36836403
12/10/07,79.14999,80.92,77.82001,78.52,40520801
12/17/07,78.13,80.32001,77.81,80.10001,29843660
12/24/07,80.21001,83.02,80.14,83,18947890
12/31/07,82.74001,85.94,81.98,85.13,34068697
1/7/08,85.24001,88.75999,84.57001,88.58,46510304
1/14/08,89.45,90.35001,86.32001,87.42,83563026
1/22/08,86.14,91.08,85.77,90.3,55303996
1/28/08,90.96001,92.58,89.22,89.3499,59440301
2/4/08,88.50999,91,87.3,91,48348805
2/11/08,91.03999,91.46001,88.63,89.14999,39573430
2/19/08,91.23,94.22,90.75,93.39,39545379
2/25/08,93.71001,96.24001,92.11,96.17999,50895930
3/3/08,97.52,98.14999,94.39,96.09,76829273
3/10/08,95,99.53,94.88,98.71001,65651075
3/17/08,99.32001,100.44,89.8,89.9128,113907504
3/24/08,90.64999,94.09,89.78,91.88,58922859
3/31/08,92.56,92.64999,86.05,90.25,64944909
4/7/08,90.73,92.56,89.72,91.3,38861879
4/14/08,91.32001,93.71001,88.96001,90.62,38082254
4/21/08,90.78999,91.35001,87.10001,87.27,78176739
4/28/08,87.88,88.39999,83.57001,84.58,66884068
5/5/08,85.67999,87.59,85.2,87.42,43933297
5/12/08,86.92,89.3,84.92,89.1001,42548910
5/19/08,89.57001,92.11,88.869,91.23,42895430
5/27/08,89.84,89.87,86.10001,87.45,33356414
6/2/08,87.47,89.06,85.66,89.06,52401150
6/9/08,88.53999,89.24001,84.83,85.83,51496758
6/16/08,88.2,89.61,86.7,88.95,40689879
6/23/08,87.00999,91.82001,86.13,91.47,63987225
6/30/08,91.89,93.35001,90.53,92.06,43866633
7/7/08,90.57001,95.5,89.92999,95.16,77717235
7/14/08,95.09,97.5,94.02,94.17,105274156
7/21/08,94.75,95.86,90.25,91.69,71347935
7/28/08,91.39,92,88.08,89.57001,61053122
8/4/08,89.08,89.67999,83.83,84.42999,71050015
8/11/08,84.46001,84.49001,76.61,77.63,106015283
8/18/08,78.53,84.53999,77.7,81.08,70437984
8/25/08,81.10001,83.13,80.56,81.71001,36672902
9/2/08,78.16,80.27,77.98,78.98,45011726
9/8/08,80.10001,80.35001,72.50999,75.55,100968437
9/15/08,76.64,90.78,76,85.98,186097840
9/22/08,86.85001,90.17,85.00999,86.64,117616928
9/29/08,87.06,92,81.05,82.59,124511552
10/6/08,85.84,90.83971,81.38,83.22,138266592
10/13/08,83.61,84.39,75,77.21001,92312212
10/20/08,77.77,78.56,66,72.21001,82612478
10/27/08,71.13,76.36,70.60001,71.34,57175626
11/3/08,71.55,75.69,71.06,72.5,45323024
11/10/08,74.8,74.92,68.81,73.3,54133670
11/17/08,72.42999,79,72,78.85001,73891870
11/24/08,80.45,81.72,79.28,80.31,50233192
12/1/08,77.14999,77.63,72.91,74.52,56016531
12/8/08,76.48,81.94,75.3,80.81,59486301
12/15/08,81.33,86.91,81.23,82.63,82262178
12/22/08,83.57001,85.97,81.59,85.60001,20174133
12/29/08,86.5,87.10001,84.28,86.23,30477961
1/5/09,83.62,85.7,82.21001,83.92,55417317
1/12/09,81.72,83,78.87,82.71001,73581141
1/20/09,84.17,88.94,82.98,88.53,81620909
1/26/09,89.22,91.49001,86.28,91.31,91953664
2/2/09,89.88,92.5786,86,89.59,78599498
2/9/09,88.35001,93.74001,87.60001,92.55,155864343
2/17/09,95.23,98.99001,94.67,97.8,121599312
2/23/09,96.59,98.22,91.03,92.63,147529056
3/2/09,93.39999,93.61,88.45,92.28999,118620896
3/9/09,92.28999,92.33,87.4733,91.3,92767551
3/16/09,90.28999,94.77,86.83,93.59,134462765
3/23/09,93.44,93.91,90.25,90.69,83459049
3/30/09,89.97,91.81,87.52,87.59,84309914
4/6/09,86.39999,88.25999,84.97,86.31,55759978
4/13/09,88.03,88.45,84.92,85.22,64674971
4/20/09,86.03,89.84,86,89.72,61466070
4/27/09,89.33,89.78999,86.54089,86.95,39665680
5/4/09,87.55,90.3,87.55,89.98,57860091
5/11/09,89.64,91.81,89.5,91.55,65155798
5/18/09,91.53,94.42,90.14,94.14999,82522469
5/26/09,92.95,96.35001,92.85001,96.2,59181514
6/1/09,96.47,96.96989,93.57001,93.71001,82904402
6/8/09,93.25999,94.53,92,92.17,64074020
6/15/09,91.89999,92.5,90.14571,91.89999,63149891
6/22/09,90.41,92.92999,89.95,92.28999,58904387
6/29/09,92.32001,93,90.53,91.25,48834129
7/6/09,90.48,97.8,88.82001,89.58,54666406
7/13/09,89.45,92.52,89.10001,91.92999,37752371
7/20/09,93.61,94.005,92.69,93.41,47267190
7/27/09,93.89999,94.03,90.81,93.35001,46375173
8/3/09,94.14,95.25,93.60001,93.75,52258406
8/10/09,92.91,94.05,92.39999,93,32310091
8/17/09,91.49001,93.8,91.28,93.64999,29575756
8/24/09,93.64,94.14999,91.64,93.87,35694964
8/31/09,93.14,97.94,92.92,97.52901,81990864
9/8/09,98.57001,99.33,96.85001,98.78,75189154
9/14/09,98.16,100.08,97.56,98.67,68916317
9/21/09,97.95,99.89,96.77,97,70823340
9/28/09,97.21001,99.06,96.95,98.37,57256694
10/5/09,98.48,104.1501,98.36,102.84,100873314
10/12/09,103.39,104.7,102.53,103.17999,74516587
10/19/09,103.16,104.58,102.75,103.49001,71208157
10/26/09,103.41,103.97,100.64999,102.53,89873539
11/2/09,103.5,108.03999,103.25,107.42999,101260372
11/9/09,108.69,109.8,107.7,109.74001,87215785
11/16/09,110.7,113.09,110.64999,112.94,105744880
11/23/09,114.67,116.88,113.02,115.06,92879920
11/30/09,114.48,119.53999,112.41,113.75301,183305277
12/7/09,111.50999,114.22,108.71741,109.32001,166837248
12/14/09,110.00999,111.91,107.03999,108.95,119859527
12/21/09,109.17,109.3,105.312,108.36,76973755
12/28/09,108.64,108.78,106.39999,107.31,39211672
1/4/10,109.82001,111.77,109.25999,111.37,84933601
1/11/10,113.34,113.59,109.57001,110.86,102774496
1/19/10,110.95,111.75,106.00999,107.17,77980650
1/25/10,107.44,108.8,105.17999,105.96001,81581975
2/1/10,106.64,109.60001,102.28,104.67999,115275193
2/8/10,104.41,107.56,104,107.03999,93246942
2/16/10,109.45,110.39,108.81,109.47,81605168
2/22/10,109.86,109.97,106.60001,109.42999,78025121
3/1/10,109.48,112.17999,108.97,110.81,73203130
3/8/10,111.22,111.3,107.45,107.95,68775159
3/15/10,108.16,110.61,107.82001,108.28,77422646
3/22/10,107.31,108.7,106.24001,108.59,71417105
3/29/10,108.87,110.47,107.87,110.25999,46727625
4/5/10,110.56,114.07001,110.27,113.64,66556267
4/12/10,113.64,114.13,110.53999,111.24001,68487357
4/19/10,110.8801,113.3,110.67,113.19,43971684
4/26/10,112.88,115.7,112.34,115.36,84082057
5/3/10,115.91,118.88,113.312,118.27,141529453
5/10/10,117.5,122.235,116.8101,120.37,154855216
5/17/10,120.55,121.12,114.50999,115.22,137913280
5/24/10,116.34,119.08,116.03999,118.881,70729067
6/1/10,119.88,120.25,117.05,119.19,52953864
6/7/10,118.73,122.45,118.62,120.00999,78059357
6/14/10,119.63,123.5,118.96001,122.83,75813987
6/21/10,123.09,123.13,119.77,122.75999,70238765
6/28/10,122.78999,123.56,116.98,118.49001,96991273
7/6/10,117.6698,118.73,116.10001,118.36,48696444
7/12/10,117.83,119.13,115.95,116.67,51594123
7/19/10,115.57001,117.5,115.11,116.09,50892340
7/26/10,116.38,116.47,113.08,115.49001,76405246
8/2/10,116.12,118.42,115.2,117.84,41412927
8/9/10,117.75999,118.89,116.39999,118.74001,52178089
8/16/10,119.7,120.99001,119,119.97,50903067
8/23/10,119.91,122.95,118.71001,121.00999,53723700
8/30/10,120.85001,122.48,120.58,121.86,44615442
9/7/10,122.91,123.42,121.38,121.73,44834058
9/13/10,121.63,125.03,121.39,124.5425,74464813
9/20/10,125.09,127.00011,124.16,126.69,64220683
9/27/10,126.89999,129.07001,126.11,128.91,75306880
10/4/10,128.52,132.67,128.22,131.66,99371682
10/11/10,131.28,134.85001,130.98,133.67999,95385681
10/18/10,133.46001,134.34,128.72,129.73,83885683
10/25/10,131.16,132.82001,128.78999,132.62,69237956
11/1/10,132.85001,136.61,129.48,136.38,97332751
11/8/10,135.92,139.14999,132.821,133.69,136635626
11/15/10,133.86,134.49001,129.83,132.2,94176137
11/22/10,132.13,135.07001,131.69,133.11,47992715
11/29/10,133.19,138.11,132.33,138.07001,82391844
12/6/10,138.14,139.53999,133.88,135.408,91718916
12/13/10,136.25999,137.21001,132.86,134.2,86558809
12/20/10,135.13,135.7775,133.92999,134.66,39390879
12/27/10,134.96001,138.77,134.49001,138.72,36976366
1/3/11,138.67,139,133.10001,133.58,87096205
1/10/11,133.85001,135.67999,132.22,132.69,65020526
1/18/11,133.625,134.39999,130.53,131.03,67248483
1/24/11,131.00999,131.63,127.8,130.28,119042967
1/31/11,129.27,132.7,129.25,131.66,72751911
2/7/11,131.67,133.5,131.23,132.32249,51581997
2/14/11,132.95,135.8,132.7,135.41,58862492
2/22/11,136.92,138.2,135.73,137.384,61515931
2/28/11,137.64999,140.55,137.03,139.35001,75963172
3/7/11,140.28999,140.61,136.845,138.22,59519903
3/14/11,139.33,139.55,135.23,138.37,74828001
3/21/11,139.5,141.28,138.66,139.25999,65053197
3/28/11,137.8199,140.39999,137.67999,139.2,55745711
4/4/11,140.13,143.84,139.45,143.66,61357623
4/11/11,143.28,145.12,140.75,145.05,72255347
4/18/11,145.21001,147.06,144.63,146.74001,52132922
4/25/11,147.57001,153.03,145.48,152.37,102127469
5/2/11,151.46001,153.61,142.55,145.3,158890960
5/9/11,146.67,148.19,144.49001,145.63,82527499
5/16/11,145.88,147.78,143.42,147.49001,69068983
5/23/11,147.03999,149.92,146.97,149.7,61847781
5/31/11,149.88,151.13,148.07001,150.22,55030770
6/6/11,150.82001,151.45,148.69,149.24001,51234348
6/13/11,148.6601,150.28999,147.19,149.94,68733296
6/20/11,150.0799,151.86,145.97,146.25999,81199725
6/27/11,145.92999,147.42,143.97,144.92999,62081820
7/5/11,146.96001,150.5,146.85001,150.25,48975043
7/11/11,151.33,155.28999,150.2,155.2,106910176
7/18/11,155.75999,156.58,154.10001,156.12,84383471
7/25/11,157.60001,159.25,156.11,158.28999,71585364
8/1/11,157.47009,163.87,156.78,161.75,131871401
8/8/11,165.48,175.13,164.75999,169.97,222679408
8/15/11,169.32001,181.67,168.95,179.95,113869728
8/22/11,181.94991,184.82001,165.88,177.47,235394864
8/29/11,175.94501,183.50999,172.88,183.23801,98587749
9/6/11,184.58,185.85001,174.45,180.7,107213984
9/12/11,178.73,179.53999,172.56,176.03,98778000
9/19/11,176.83,176.86,158.55,159.8,132876531
9/26/11,157.12,162.28999,154.19,158.06,123385350
10/3/11,161.09,161.58,155.27,159.17999,78767630
10/10/11,162.05,164,160.82001,163.39999,46202746
10/17/11,164,164.16,156.05,159.52,63395298
10/24/11,160.55,170.28999,160.22,169.62,74675121
10/31/11,167.75999,172.03999,163.61,170.85001,66994318
11/7/11,172.85001,175.46001,168.83,173.96001,69097119
11/14/11,173.74001,173.86,166.39,167.62,72808735
11/21/11,166.60989,166.71001,162.07001,163.39999,51718901
11/28/11,166.92999,170.8,165.98,169.82001,53076164
12/5/11,169.06,169.95,165.53,166.39999,51094243
12/12/11,162.35001,163.19,151.71001,155.23,122362288
12/19/11,155.48,157.53,154.36,156.31,47153169
12/27/11,155.08,155.55,148.27,151.99001,52025624
1/3/12,154.75999,158.63,154.55,157.2,46349648
1/9/12,157.36,161.61501,156.19,159.25999,42635125
1/17/12,161.17,162.09,159.67999,162.07001,37392765
1/23/12,162.325,169,160.28999,168.97,77475165
1/30/12,168.19,171.2299,167.50999,167.64,62244653
2/6/12,166.96001,170.37,166.33,167.14,57496394
2/13/12,167.33,168.75,166.17,167.35001,44624649
2/21/12,169.64999,173.77,169.59,172.231,51237496
2/27/12,172.14,174,164,166.34,92429450
3/5/12,165.77,166.57001,161.78,166.3799,59737950
3/12/12,165.33,165.58,158.8,161.3,80649616
3/19/12,160.85001,162.3,158.13,161.5329,50046867
3/26/12,163.17,164.89,159.81,162.12,53720950
4/2/12,161.96001,163.56,156.58,158.31,49324827
4/9/12,159.72,163.2,158.47,160.85001,51823996
4/16/12,160.50999,161.17999,158.75,159.53999,40790821
4/23/12,158.2,161.97,157.75999,161.38,48999188
4/30/12,160.49001,162.17999,158.37,159.47,45637828
5/7/12,159.31,159.34,153.24001,153.56,52405123
5/14/12,151.58,155.13,148.60001,154.55,74597601
5/21/12,154.11,154.95,148.84,152.67999,53621694
5/29/12,153.47,158.31,148.53,157.5,65541961
6/4/12,157.25999,159.2,153,154.73,65333261
6/11/12,154.83,158.46001,153.55,157.84,57134848
6/18/12,157.46001,158.21001,151.21001,152.64,51862285
6/25/12,152.58,155.95,150.14999,155.19,36291285
7/2/12,154.67,157.72,152.95,153.71001,21105196
7/9/12,153.61,155.1799,150.85001,154.14,37542419
7/16/12,154.42999,154.75,152.39999,153.67,40206438
7/23/12,152.5,157.96001,152.2,157.53999,38272543
7/30/12,156.84,157.72,153.61,155.55,53062934
8/6/12,155.92,157.82001,155.74001,157.17999,21948351
8/13/12,157.05,157.45,154.83,156.72,31296844
8/20/12,156.52,162.451,156.47,161.97,59030991
8/27/12,161.77,164.22,159.56,164.22,43586723
9/4/12,164.11,169,163.66,168.44,52552621
9/10/12,167.84,172.23,166.3,171.8,70421196
9/17/12,171.77,173.185,170.06,171.96001,54968566
9/24/12,170.63,172.60001,168.34,171.89,51839832
10/1/12,172.83,174.07001,171.59,172.62,42640649
10/8/12,171.75,172.28,169.81,170.06,32856018
10/15/12,169.00999,169.95,166.23,166.97,42596879
10/22/12,167.08,167.63,164.60001,165.92999,42516211
10/29/12,166.47,167.28,162.3,162.60001,25467469
11/5/12,163.12,168.53999,162.81,167.82001,51599516
11/12/12,168.10001,168.28,165.17999,165.88,37605184
11/19/12,167.75,170.00999,166.8401,169.61,22194991
11/26/12,169.56,169.73,165.38499,166.05,41441434
12/3/12,166.11,166.92,163.2,165.16499,41818132
12/10/12,166.11,166.94,163.78,164.13,38232645
12/17/12,164.16,164.62,158.39,160.33,83768039
12/24/12,160.88,161.485,160.05,160.53999,24460256
12/31/12,160.89999,164.14,158.89,160.44,57523911
1/7/13,159.36,162.56,159.14999,161.06,50504973
1/14/13,161.88,164.39999,161.13,163.09,51546530
1/22/13,163.48,164.22,160.31,160.64999,37519063
1/28/13,160.24001,163.03999,160.02,161.45,50120267
2/4/13,161.19,162.96001,161.13,161.57001,41402828
2/11/13,159.78,160.05,154.56,155.75999,64532696
2/19/13,155.8,155.84,150.841,152.97,70797273
2/25/13,153.52,156.8,152.14,152.44,63321767
3/4/13,152.45,153.39,151.403,152.71001,46766013
3/11/13,152.82001,154.72,152.64999,154.00101,36635433
3/18/13,155.7,156.42999,154.88,155.55,38291594
3/25/13,154.71001,155.62,154.22,154.47,27779606
4/1/13,154.57001,154.92999,149.44,152.81,56350441
4/8/13,152.39,153.85001,143.42599,143.95,95474529
4/15/13,136,136.75,130.50999,135.47,200609335
4/22/13,138.14999,143.42999,135.85001,140.91,79805008
4/29/13,142.1353,142.83,139.30009,142.09,59408740
5/6/13,142.33,142.81,137.25999,139.60001,55450324
5/13/13,138.46001,139.16,131.02,131.07001,68796724
5/20/13,130.88,136.77,130.85001,133.75999,77914474
5/28/13,133.67999,137.11,132.8,133.92,39570491
6/3/13,134.77,137.62,133.17999,133.28,43033942
6/10/13,133.3,134.83,132.245,134.42999,31340258
6/17/13,133.89,134.05991,123.33,125.05,69950800
6/24/13,124.31,124.7,114.67999,119.11,109862312
7/1/13,119.94,121.95,116.74001,118.09,44849664
7/8/13,119.09,124.36501,118.92999,124.13,49421019
7/15/13,124.08,125.7,122.73,125.11,32521907
7/22/13,127.64999,130.13989,126.78,128.78,40537844
7/29/13,128.45,128.92,126.13,126.36,41094052
8/5/13,126.50999,127.27,123.55,126.86,30190148
8/12/13,129.57001,133.27,127.38,132.58,55148553
8/19/13,132.33,135.24001,131.50999,134.89999,44022031
8/26/13,134.88,137.55,134.14999,134.62,48260097
9/3/13,135.46001,136.789,131.8,134.14999,35466122
9/9/13,134.13,134.32001,126.21001,127.82001,43577715
9/16/13,127.48,132.78,125.14999,127.96001,76860424
9/23/13,127.52,129.58,126.34,128.97,39241800
9/30/13,127.95,129.14,123.81,126.53,56258586
10/7/13,127.25,128.45,121.85001,122.60001,50941528
10/14/13,123.89999,127.86,122.22,126.85001,40163222
10/21/13,127.13,130.92,126.78999,130.46001,36343759
10/28/13,130.41,131.44,126.05,126.95,38373063
11/4/13,127.18,127.52,123.62,124.279,28434003
11/11/13,123.92,124.91,121.7256,124.32,29284204
11/18/13,123.7,123.96,119.31,119.92,38528138
11/25/13,119.18,121.05,119.13,120.7,24834405
12/2/13,119.2,120.76,117.23,118.55,44577382
12/9/13,118.99,122.32,118.03,119.38,39905471
12/16/13,119.26,120.77,114.5,115.94,63729987
12/23/13,115.61,117.38,115.43,117.12,17674605
12/30/13,116.37,119.62,114.46,119.29,33000883
1/6/14,119.76,120.43,117.11,120.26,35943671
1/13/14,120.27,121.06,119.1126,120.93,30736877
1/21/14,119.23,122.5,119.17,122.29,31242593
1/27/14,121.65,122.51,119.46,120.09,41689703
2/3/14,120.47,122.24,120.32,122.17,34532696
2/10/14,122.8,127.38,122.72,127.15,46594055
2/18/14,127.42,128.07,126.16,127.58,34966412
2/24/14,128.51,129.53,127.15,127.62,40616865
3/3/14,130,130.5856,128.21,129.09,36011554
3/10/14,128.88,133.69,128.7804,133.1,42530389
3/17/14,132.73,133.22,127.58,128.47,48924694
3/24/14,126.87,127.14,123.88,124.56,42795072
3/31/14,124.52,125.96,123.1099,125.57,34223866
4/7/14,125.07,127.37,124.84,126.93,25932234
4/14/14,127.8,128.25,124.57,124.75,26624879
4/21/14,124.07,125.71,122.8404,125.43,32999956
4/28/14,125.3,125.67,123.06,125.06,37096795
5/5/14,126.47,126.63,123.82,124.1,23978061
5/12/14,125.4,125.96,124.29,124.5,20602692
5/19/14,125.28,125.47,123.53,124.51,20187408
5/27/14,122.98,123.07,119.62,120.43,31955731
6/2/14,119.93,120.88,119.42,120.61,23788260
6/9/14,120.79,123.036,120.57,122.96,21346366
6/16/14,122.88,127.23,121.82,126.5,48803581
6/23/14,126.65,127.55,126.2,126.66,27925101
6/30/14,126.53,128.24,126.37,127.16,36956441
7/7/14,126.63,129.21,126.23,128.78,29863901
7/14/14,125.5,127.55,124.36,126.13,44014461
7/21/14,126.53,126.55,123.9,125.791,23999564
7/28/14,125.44,125.88,123.23,124.38,31402744
8/4/14,124.36,126.51,123.4,126.19,37199193
8/11/14,125.84,126.81,124.41,125.483,28168990
8/18/14,124.78,125.08,122.45,123.19,26978457
8/25/14,122.92,124.33,122.72,123.86,18469838
9/2/14,121.97,122.66,121.25,122.06,24345850
9/8/14,121.58,121.61,118.07,118.38,36436243
9/15/14,118.79,119.43,116.72,117.09,35951889
9/22/14,116.72,117.99,116.2,117.06,29613600
9/29/14,117.27,117.4,114.42,114.61,38906410
10/6/14,115.16,118.26,114.94,117.59,34867031
10/13/14,118.14,120.18,117.93,118.99,34649697
10/20/14,119.68,120.5,117.88,118.35,21379188
10/27/14,118.18,118.48,111.655,112.66,39670628
11/3/14,112.39,113.15,109.67,112.97,44531794
11/10/14,112.24,114.72,110.28,114.47,41333172
11/17/14,113.97,115.96,112.88,115.39,35197463
11/24/14,115.15,115.47,111.95,112.11,26547184
12/1/14,113.8,117.36,113.74,114.43,37735485
12/8/14,114.97,118.99,114.46,117.41,29920078
12/15/14,116.22,116.9698,113.58,114.77,36977716
12/22/14,114.81,114.98,112.41,114.83,20513655
12/29/14,114.61,116.26,112.32,114.08,35684828
1/5/15,114.78,117.5,114.73,117.26,40846420
1/12/15,117.46,123.15,117.32,122.52,55859585
1/20/15,123.63,125.58,123.35,124.23,42840641
1/26/15,123.33,124.64,120.26,123.45,51377884
2/2/15,121.84,123.155,117.95,118.64,42614650
2/9/15,118.83,119.4,117,117.98,24561213
2/17/15,116.4,116.54,114.99,115.28,28771641
2/23/15,115.11,117.07,114.29,116.16,29738839
3/2/15,116.5,116.64,111.7,111.86,34557073
3/9/15,112.42,112.62,110.16,110.88,30293272
3/16/15,111.09,114,109.77,113.57,39207796
3/23/15,113.7,115.84,113.4899,115.06,20657935
3/30/15,113.9,115.99,113.4065,115.28,19975252
4/6/15,117.32,117.47,114.48,115.966,22590636
4/13/15,115.35,115.79,114.39,115.6,17126207
4/20/15,114.82,115.56,112.77,113.05,23558839
4/27/15,113.87,116.62,112.28,113.08,39749654
5/4/15,114.18,115.11,113.32,113.97,26204467
5/11/15,114.09,117.75,113.08,117.53,29312034
5/18/15,117.78,117.88,115.32,115.6,18859437
5/26/15,113.84,114.48,113.21,114.1,17124154
6/1/15,115.02,115.5,111.5668,112.24,28256628
6/8/15,112.39,114.14,112.13,113.23,19538079
6/15/15,113.28,115.61,112.63,115.12,28197239
6/22/15,113.79,113.94,112.13,112.56,20559298
6/29/15,112.81,113.23,111.41,111.76,21964847
7/6/15,111.71,112.58,110.05,111.49,26425894
7/13/15,110.43,111.14,108.4,108.65,35654422
7/20/15,106.6,106.65,103.431,105.35,51972695
7/27/15,104.94,105.75,103.86,104.93,35197408
8/3/15,104.59,105.38,103.78,104.65,20119666
8/10/15,105.03,107.91,104.9172,106.85,28246961
8/17/15,107.37,111.33,106.31,111.13,43392661
8/24/15,111.54,112.12,107.08,108.7,54880553
8/31/15,108.19,109.77,107.07,107.49,23663782
9/8/15,107.6,107.94,105.27,106.16,25065048
9/14/15,105.86,109.38,105.68,109.21,25769572
9/21/15,108.49,110.82,107.44,109.81,28566027
9/28/15,108.37,109.3199,106.47,108.99,27268029
10/5/15,109.14,111.05,108.46,110.87,31305044
10/12/15,111.67,113.99,111.01,112.49,43027304
10/19/15,112.64,113.09,110.9601,111.5,21076111
10/26/15,111.73,113.25,109.06,109.3,24114811
11/2/15,108.64,108.84,104.02,104.1,35369386
11/9/15,104.29,104.65,103.04,103.56,21632306
11/16/15,103.98,104.09,101.98,103.09,27647362
11/23/15,102.48,103.25,100.99,101.25,15446937
11/30/15,101.53,104.21,100.53,104.02,38812575
12/7/15,103.32,103.66,101.85,103.11,24483991
12/14/15,102.58,103.2,100.2326,102.04,39189123
12/21/15,102.95,103.52,102.21,103.05,15033937
12/28/15,102.48,102.5962,101.31,101.46,13756951
1/4/16,103.13,106.237,102.485,105.68,38665382
1/11/16,105.47,105.566,102.4985,104.08,39178593
1/19/16,104.06,106.16,103.65,105,24319639
1/25/16,105.76,107.93,105.6,106.9492,37549017
2/1/16,107.54,112.35,107.35,112.32,60903995
2/8/16,113.67,120.84,112.98,118.36,125929136
2/16/16,116,118.595,114.74,117.58,53962581
2/22/16,115.44,119.86,115.41,117.11,62655390
2/29/16,117.59,122.37,117.34,120.54,69544975
3/7/16,121.18,121.88,118.84,119.41,58479680
3/14/16,120.27,121.18,117.34,119.8,68392178
3/21/16,119,120.16,116.16,116.33,36302001
3/28/16,116.73,118.81,115.55,116.93,48874125
4/4/16,116.67,118.85,115,118.43,45038405
4/11/16,119.47,120.345,116.95,117.92,49380923
4/18/16,118.53,120.55,117.28,117.89,61734290
4/25/16,118.14,123.93,118.11,123.65,56430142
5/2/16,123.78,123.96,121.25,123.18,50813019
5/9/16,121.2,122.39,120.08,121.71,41791149
5/16/16,122.93,122.97,118.9201,119.71,53823625
5/23/16,118.86,119.6,115.29,115.62,46480443
5/31/16,115.76,118.89,115.2,118.88,35783821
6/6/16,118.89,122.1,118.41,121.74,52266384
6/13/16,122.8,125.67,122.03,123.95,81507751
6/20/16,122.26,126.82,120.06,126.01,80800629
6/27/16,126.44,128.42,125.06,128.41,80542662
7/5/16,128.8,131.15,128.17,130.52,70545662
7/11/16,129.49,129.895,126.03,126.84,70717432
7/18/16,127.02,127.5,125.31,126.35,42553294
7/25/16,125.53,129.41,125.11,128.98,60788876
8/1/16,128.57,130.55,127.39,127.55,40886621
8/8/16,127.29,129.26,127.2,127.4,45630094
8/15/16,127.62,129.17,127.46,127.97,45404491
8/22/16,127.63,128.22,125.82,126.05,55099391
8/29/16,126,126.57,124.55,126.57,52959875
9/6/16,127.4,129.08,126.7,126.75,47022514
9/12/16,126.31,126.92,124.67,125.06,57801323
9/19/16,125.61,128.2,125.17,127.65,47168404
9/26/16,127.96,128.035,125.235,125.64,37473722
10/3/16,125.32,125.46,118.42,119.74,83959889
10/10/16,120.16,120.42,119.289,119.36,29190276
10/17/16,119.7,121.59,119.58,120.83,28921887
10/24/16,121.28,122.48,120.16,121.58,31504024
10/31/16,121.51,124.76,121.23,124.39,55486502
11/7/16,122.66,124.35,116.23,117.1,80381873
11/14/16,116.12,117.27,114.96,115.15,56350637
11/21/16,115.72,115.94,112.35,112.61,39374089
11/28/16,113.23,113.84,110.63,112.14,41672994
12/5/16,111.15,112.5,110.19,110.4,37108909
12/12/16,110.59,111.11,107,108.05,52082310
12/19/16,108.6,108.88,107.2942,107.93,27803847
12/27/16,108.61,110.62,108.24,109.61,25214353
1/3/17,109.62,112.94,109.37,111.75,29724303
1/9/17,112.39,114.93,112.17,114.21,37405502
1/17/17,115.89,115.96,113.935,115.05,34338997
1/23/17,115.51,116.17,112.81,113.49,30966498
1/30/17,113.61,116.57,113.535,116.13,41687478
2/6/17,117.07,118.59,116.67,117.6,44051681
2/13/17,116.73,118.4,116.15,117.68,35087900
2/21/17,117.04,119.88,116.77,119.7,29556315
2/27/17,119.73,120.4,116.44,117.51,48323048
3/6/17,117.35,117.35,114.13,114.72,33691164
3/13/17,114.63,117.29,114.02,116.99,38638340
3/20/17,117.31,119.25,117.205,118.86,33936247
3/27/17,119.93,120.08,118.32,118.72,35958307
4/3/17,118.69,120.67,118.4,119.46,35883541
4/10/17,119.04,122.65,118.85,122.6,36474148
4/17/17,122.55,123.07,121.28,122.31,55241344
4/24/17,120.77,121.51,119.87,120.77,48553893
5/1/17,120.21,120.75,116.63,117.01,44577775
5/8/17,117.03,117.16,115.56,116.83,28238959
5/15/17,117.52,120.02,116.99,119.4,41027682
5/22/17,119.63,120.79,118.915,120.54,31399570
5/30/17,120.24,121.71,119.95,121.61,30838814
6/5/17,121.91,123.31,120.4,120.54,39041335
6/12/17,120.33,121.88,119.1275,119.34,43071186
6/19/17,118.74,119.66,118.07,119.43,31198664
6/26/17,118.29,119.06,117.91,118.02,31550631
7/3/17,116.54,116.85,114.8,115.28,34965303
7/10/17,115.02,117.25,114.83,116.77,26200340
7/17/17,117.42,119.39,117.23,119.26,31242131
7/24/17,119.52,120.8558,118.55,120.69,32164085
7/31/17,120.5,121.14,119.2201,119.65,30175253
8/7/17,119.43,122.83,118.97,122.79,37260985
8/14/17,121.98,123.54,120.5828,122.3,42872009
8/21/17,122.54,123.02,121.29,122.74,33673658
8/28/17,123.33,126.17,123.33,126.06,51111092
9/5/17,126.65,128.32,126.55,127.97,41112058
9/11/17,126.74,126.94,125.41,125.53,39672303
9/18/17,124.71,125.0599,122.49,123.24,39871600
9/25/17,122.78,124.66,121.55,121.58,42010939
10/2/17,121.17,121.34,119.7835,121.09,38177976
10/9/17,121.64,123.86,121.551,123.82,30086946
10/16/17,123.82,123.97,121.39,121.61,32958028
10/23/17,120.98,121.9,120.21,120.9,27569125
10/30/17,120.93,121.96,120.1844,120.62,25377669
11/6/17,120.72,122.41,120.68,121.13,29873559
11/13/17,121.43,123.17,120.77,122.86,30833650
11/20/17,122.3,122.95,121.04,122.32,20304666
11/27/17,123.26,123.33,120.64,121.59,37719629
12/4/17,121.15,121.2,118.1,118.48,41759371
12/11/17,118.37,119.5,117.4,119.18,37154566
12/18/17,119.63,121.14,119.53,120.94,25820743
12/26/17,121.55,124.085,121.51,123.65,28041923
1/2/18,124.66,125.85,124.101,125.33,32736463
1/8/18,125.2,127.13,124.23,126.96,42782894
1/16/18,126.6,127.22,125.8,126.42,33277428
1/22/18,126.51,129.515,126.28,128.07,45937418
1/29/18,127.58,128.15,125.955,126.39,57755254
2/5/18,126.82,127.31,124.39,124.77,61311570
2/12/18,125.19,128.7,125.11,127.96,43956008
2/20/18,127.28,127.4,125.44,126.14,28643554
2/26/18,126.45,126.62,123.575,125.39,37716340
3/5/18,125.35,126.9563,124.78,125.54,28155575
3/12/18,125.04,125.99,124.21,124.6,24991905
3/19/18,124.57,128.06,123.96,127.61,37591486
3/26/18,128.05,128.58,125.31,125.79,29722589
4/2/18,126.65,127.54,125.425,126.39,36447297
4/9/18,126.45,129.47,126.23,127.45,36905097
4/16/18,127.74,128.54,126.55,126.63,34678922
4/23/18,125.62,126.34,124.69,125.5,30811451
4/30/18,124.41,125.2,123.39,124.54,35737169
5/7/18,124.5,125.59,123.79,125,22871699
5/14/18,125.16,125.21,122.01,122.41,34226809
5/21/18,122.16,123.82,121.97,123.21,32484266
5/29/18,122.84,123.78,122.44,122.49,29508483
6/4/18,122.85,123.35,122.281,123.01,22859693
6/11/18,123.1,123.86,120.83,121.34,38900983
6/18/18,121.35,121.44,119.821,120.34,23520587
6/25/18,120,120.23,118.01,118.65,40269907
7/2/18,118.18,119.33,117.4,118.86,28821861
7/9/18,119.65,119.73,117.4465,117.61,24834602
7/16/18,117.51,117.625,115.12,116.56,39122486
7/23/18,116.25,116.8366,115.76,115.83,28154373
7/30/18,115.8,116.35,114.42,114.92,29765624
8/6/18,114.56,115.23,114.31,114.69,25820746
8/13/18,113.81,113.81,111.06,112.13,44591020
8/20/18,112.38,114.42,112.06,114.16,31286561
8/27/18,114.12,114.8666,113.24,113.51,26562392
9/4/18,112.75,114.26,112.61,113.23,19575440
9/10/18,113.26,114.78,112.42,113.02,23435658
9/17/18,113.6,114.37,112.79,113.49,24904375
9/24/18,113.68,113.96,111.8499,112.76,29442149
10/1/18,112.4,114.33,112.15,113.8,35955093
10/8/18,112.25,116.04,111.9,115.23,70785825
10/15/18,116.12,116.6,115.63,116.01,43856827
10/22/18,115.57,117.65,115.43,116.77,50504894
10/29/18,116.41,117.07,114.66,116.65,49835323
11/5/18,116.28,116.67,114.14,114.48,43752644
11/12/18,114.01,115.88,113.42,115.62,48245878
11/19/18,115.45,116.35,115.37,115.77,30144455
11/26/18,115.84,116.24,114.59,115.54,42127889
12/3/18,116.6,118.23,116.295,118.09,35332632
12/10/18,117.7,117.95,116.58,117.06,30283712
12/17/18,117.37,119.74,117.35,118.72,62070364
12/24/18,119.57,121.08,119.57,121.06,42769068
12/31/18,120.98,122.46,120.69,121.44,50000804
1/7/19,122.16,122.335,121.06,121.8,40967661
1/14/19,122.15,122.44,121.02,121.02,40322966
1/22/19,121.18,122.91,120.86,122.86,29887385
1/28/19,122.75,125.23,122.7178,124.5,54931957
2/4/19,123.99,124.42,123.4,124.21,29936331
2/11/19,123.19,125,123.19,124.8,35200915
2/19/19,125.98,127.21,125.05,125.5,38577664
2/25/19,125.78,125.9,121.87,121.88,42195247
3/4/19,121.56,122.89,121.03,122.84,38728634
3/11/19,122.52,123.88,121.92,122.97,36566316
3/18/19,123.3,124.42,122.65,123.97,39258601
3/25/19,124.56,125.11,121.705,122.01,37912112
4/1/19,122.4,122.43,120.96,121.98,36811145
4/8/19,122.97,123.77,121.79,121.83,32231540
4/15/19,121.2,121.82,120.15,120.37,23134841
4/22/19,120.46,121.67,119.55,121.37,22858688
4/29/19,120.88,121.55,119.54,120.65,36734472
5/6/19,120.61,121.73,120.54,121.43,21271268
5/13/19,122.63,122.85,120.33,120.65,39924817
5/20/19,120.51,121.52,119.83,121.3,20312684
5/28/19,120.8,123.4,120.46,123.33,31560731
6/3/19,124.09,127.25,123.9,126.59,43506209
6/10/19,125.46,127.63,124.884,126.56,30525241
6/17/19,126.7,132.17,126.17,131.98,60438016
6/24/19,132.77,135.55,132.26,133.2,71130174
7/1/19,131.56,134.1,130.55,132.14,44540082
7/8/19,132.18,133.87,131.1575,133.53,42427500
7/15/19,133.18,136.63,132.13,134.47,59826526
7/22/19,134.56,134.95,133.09,133.64,42225612
7/29/19,134.06,136.6,132.305,135.89,78891393
8/5/19,137.93,142.47,137.05,141.26,76256584
8/12/19,141.67,144.02,139.35,142.78,91153819
8/19/19,141.33,144.33,140.85,144.17,53294660
8/26/19,144.35,145.68,143.02,143.75,60920159
9/3/19,144.96,146.82,141.86,141.92,61392105
9/9/19,142.37,143.1,140.06,140.15,57531484
9/16/19,141.6,143.03,139.81,142.95,50551754
9/23/19,143.22,144.77,140.16,141.06,50123904
9/30/19,139.77,143.25,137.8,141.9,62074926
10/7/19,141.16,142.58,138.91,140.03,44458116
10/14/19,140.45,141.12,139.21,140.46,36145295
10/21/19,140.72,142.83,139.6,141.86,28646378
10/28/19,141.25,142.9,139.55,142.56,31411225
11/4/19,142.26,142.45,137.39,137.39,48531425
11/11/19,137.61,138.94,136.19,138.21,37627481
11/18/19,138.44,139,137.66,137.74,25260105
11/25/19,137.32,138.1341,136.58,137.86,19773209
12/2/19,137.32,139.57,137.3,137.62,37550106
12/9/19,137.8,139.85,137.45,139.05,27970233
12/16/19,139.2,139.55,138.8,139.52,22000065
12/23/19,139.53,142.73,139.53,142.33,23949546
12/30/19,142.56,146.32,142.46,145.86,30148913
1/6/20,148.44,148.61,145.44,146.91,61575649
1/13/20,146.35,146.99,145.082,146.58,37911043
1/21/20,145.77,148.38,145.551,147.98,29203984
1/27/20,149.24,149.68,147.53,149.33,46462792
2/3/20,148.66,148.78,145.8,147.79,37000410
2/10/20,148.21,149.13,147.01,149,28441066
2/18/20,149.88,155.2219,149.47,154.7,45608004
2/24/20,158.5,158.53,147.05,148.38,143831254
3/2/20,150,159.25,149.04,157.55,102245444
3/9/20,158.6,159.37,141.58,143.28,130104197
3/16/20,137.56,146.2,136.12,140.11,111824618
3/23/20,142.675,155.66,142.28,152.25,88079221
3/30/20,152.41,153.09,147.85,152.65,54885178
4/6/20,154.16,159.08,153.96,158.69,49658485
4/13/20,159.17,164.42,158.12,158.57,73672090
4/20/20,158.62,163.6,157.04,162.64,62235952
4/27/20,161.88,162,157.8,159.78,56196673
5/4/20,160.33,162,158.1,160.42,57842270
5/11/20,160.34,164.8,158.89,163.93,63569394
5/18/20,164.33,164.9599,161.37,163.21,53667598
5/26/20,162.58,163.4,159.2,162.91,49381082
6/1/20,162.9235,164.08,157.035,158.01,61659672
6/8/20,158.9,164.06,158.47,162.62,49868664
6/15/20,160.52,164.09,160.16,164.03,38851835
6/22/20,165.06,166.99,164.22,166.54,52271688
6/29/20,166.56,167.9906,165.34,166.98,41466204
7/6/20,167.75,170.8558,167.1901,169.19,52106951
7/13/20,170.29,170.43,168.65,170.12,48980844
7/20/20,170.76,179.16,170.27,178.7,80280786
7/27/20,181.85,186.14,181.42,185.43,101866574
8/3/20,185.05,194.4499,184.2,190.81,106074206
8/10/20,191.2,192.61,179.04,182.54,123570393
8/17/20,184.69,189.4,180.47,182.03,86054329
8/24/20,182.91,185.4,179.37,184.39,63877649
8/31/20,184.79,186.99,180.05,181.64,56221924
9/8/20,179.5,184.68,179.02,182.45,38459213
9/14/20,183.57,185.01,181.48,183.2,49216679
9/21/20,179.84,180.29,173.77,174.94,62086451
9/28/20,175.83,179.5,175.09,178.54,42134930
10/5/20,179.02,181.17,176.43,181.08,44523885
10/12/20,180.57,180.83,177.1,178.3,36411637
10/19/20,179.41,181.31,177.72,178.64,35053412
10/26/20,178.75,179.43,174.83,176.2,38445099
11/2/20,177.4499,183.53,177.1301,183.19,51673760
11/9/20,176.42,177.8,173.64,177.16,64190809
11/16/20,177.23,177.91,174.17,175.69,37318269
11/23/20,175.1,175.24,166.78,167.79,55870260
11/30/20,166.68,173.32,166.03,172.32,56520840
12/7/20,172.56,175.93,171.24,172.49,40295582
12/14/20,171.91,177.87,170.91,176.44,38933463
12/21/20,176.29,176.94,174.34,176.35,27854537
12/28/20,177.26,178.4,175.57,178.36,27217222
1/4/21,181.97,183.21,171.48,173.34,77013793
1/11/21,172.14,174.46,170.975,171.13,62183138
1/19/21,172.71,175.51,171.92,173.9,31461494
1/25/21,174.8199,175.1633,171.66,172.61,40304045
2/1/21,175.02,175.26,167.34,169.81,41233913
2/8/21,171.9799,173.22,169.88,170.69,30145598
2/16/21,168.14,170.065,165.73,167.01,41958167
2/22/21,168.54,169.89,160.95,161.81,67680500
3/1/21,163.03,163.35,158.43,159.14,64251107
3/8/21,158.58,161.98,157.1297,161.49,45837135
3/15/21,162.305,164.15,161.11,163.24,43884900
3/22/21,162.27,163.5799,161.32,162.24,32024427
3/29/21,161.46,162.11,157.55,161.98,34491561
4/5/21,161.52,164.77,161.36,163.27,31593401
4/12/21,162.73,166.811,161.81,166.35,36513116
4/19/21,165.91,168.39,165.62,166.4,35421508
4/26/21,166.63,167.15,164.47,165.66,32398667
5/3/21,167.61,172.5501,165.5,171.59,53554804
5/10/21,172.74,172.84,170.225,172.69,47056102
5/17/21,173.3,177,173.28,176.04,57471936
5/24/21,176.15,178.61,175.87,178.38,41000942
6/1/21,178.76,178.85,174.66,177.16,34285519
6/7/21,176.96,177.9,175.48,175.74,37694492
6/14/21,173.16,175.06,164.87,164.93,75180094
6/21/21,166.52,168.03,165.97,166.59,38446217
6/28/21,166.68,167.715,164.01,167.29,37220227
7/6/21,169.27,169.855,167.54,169.21,27282632
7/12/21,168.7,171.3,167.64,169.41,39166508
7/19/21,169.51,170.8,167.95,168.56,28495072
7/26/21,168.58,171.52,167.72,169.82,34947143
8/2/21,169.3,171.4,164.55,164.64,47422817
8/9/21,163.01,166.46,160.68,166.39,38489123
8/16/21,166.73,167.73,166.16,166.7,36675335
8/23/21,168.82,170.19,166.74,170.19,32706769
8/30/21,169.66,171.55,168.75,171.06,27824270
9/7/21,169.56,169.78,166.7,167.18,30651383
9/13/21,167.45,169.16,163.233,163.77,39172201
9/20/21,164.29,167.15,162.74,163.3,39915249
9/27/21,163.85,164.96,160.97,164.59,39815910
10/4/21,163.69,166.42,163.47,164.23,32663711
10/11/21,164.04,168.22,163.91,165.33,34174497
10/18/21,165.42,169.54,164.81,167.77,30756419
10/25/21,168.66,169.25,165.64,166.65,31895905
11/1/21,167.38,169.94,164.38,169.84,33816549
11/8/21,170.43,174.67,170.06,174.45,36063582
11/15/21,174.1,174.605,172.235,172.61,35861890
11/22/21,169.9,170.44,166.32,166.85,36118530
11/29/21,166.84,169.01,164.63,166.63,47257750
12/6/21,166.14,167.08,165.65,166.58,25367657
12/13/21,166.9,169.125,163.8,167.8,50533725
12/20/21,167.88,169.16,166.74,168.97,20745528
12/27/21,168.96,171.04,167.28,170.96,27664366
1/3/22,168.86,170.93,166.86,167.75,43790203
1/10/22,167.36,170.75,167.31,169.67,36576302
1/18/22,169.6401,172.5999,169.09,171.09,45660517
1/24/22,171.78,173.1499,166.365,167.1,76575260
1/31/22,167.79,169.12,167.03,168.86,47658870
2/7/22,169.45,174.2,169.19,173.81,58036643
2/14/22,173.78,177.53,172.39,177.12,70402988
2/22/22,177.67,182.6,175.27,176.55,70989623
2/28/22,178.86,183.98,176.5,183.68,94963306
3/7/22,184.45,193.3,183.44,185.09,135419062
3/14/22,183.03,183.29,176.87,179.3,72647343
3/21/22,179.33,183.51,178.3231,182.38,51645352
3/28/22,180.38,181.96,176.69,179.5,51188731
4/4/22,180.2439,181.82,178.7,181.47,47630042
4/11/22,183.17,184.94,181.11,184.04,42314692
4/18/22,185.95,186.1,179.74,180.29,47297744
4/25/22,177.17,178.615,175.5,176.91,45075276
5/2/22,173.6121,177.61,172.98,175.42,52462058
5/9/22,174.27,174.27,168.01,168.79,55590298
5/16/22,168.43,172.5197,168.34,172.03,38391560
5/23/22,173.13,174.41,171.73,172.85,27223264
5/31/22,172.71,174.45,171.08,172.58,24333019
6/6/22,172.81,174.94,170.46,174.54,34324174
6/13/22,171.18,172.77,168.3,171.27,45844253
6/21/22,171.06,172.3,169.85,170.09,24845483
6/27/22,170.595,170.7,166.96,168.32,34014431
7/5/22,167.18,167.33,161.47,162.3,35069100
7/11/22,161.93,162.705,158.22,159.01,37150779
7/18/22,160.08,162.13,158.025,160.67,25980909
7/25/22,160.64,164.69,159.51,164.1,25238874
8/1/22,164.98,167.31,163.475,165.29,26335350
8/8/22,166.03,167.98,165.93,167.87,20337712
8/15/22,165.99,166.25,162.615,162.72,26915933
8/22/22,161.66,163.985,161.36,161.76,21632346
8/29/22,161.88,162.62,157.32,159.26,27585136
9/6/22,159.17,160.24,158.08,159.82,17380135
9/12/22,161.04,161.62,154.34,155.84,37477416
9/19/22,154.87,157.25,152.64,153.01,34915790
9/26/22,153.22,156.045,151.0301,154.67,37518505
10/3/22,155.438,161.08,155.23,157.88,34425705
10/10/22,155.94,156.81,152.72,152.98,27974354
10/17/22,154.92,155.33,151.27,154.15,29051745
10/24/22,153.45,155.73,152.5,153.16,20858694
10/31/22,152.16,156.6,150.5703,156.47,30992524
11/7/22,156.22,164.58,155.81,164.56,36328252
11/14/22,164.2,166.23,162.68,162.79,28636096
11/21/22,162.44,163.43,161.28,163.22,13573862
11/28/22,162.93,167.95,161.91,167.26,25361022
12/5/22,166.55,168.085,164.3201,167.06,22293776
12/12/22,166.438,169.79,165.1,166.79,29640449
12/19/22,166.71,169.71,165.99,167.26,24318659
12/27/22,167.89,170.61,167.1,169.64,16758500
1/3/23,171.32,173.96,169.79,173.71,28149124
1/9/23,174.51,178.825,173.72,178.76,27312802
1/17/23,178.21,180.03,176.9,179.29,24429003
1/23/23,178.35,181.22,177.78,179.22,28708340
1/30/23,179.286,181.73,173.12,173.46,40700456
2/6/23,174.11,175.52,172.63,173.36,28159219
2/13/23,172.7,173.51,169.52,171.26,24159419
2/21/23,171.2,171.5,168.19,168.35,19711583
2/27/23,168.88,172.595,168.55,172.49,28707936
3/6/23,172.32,173.88,168.52,173.87,38082556
3/13/23,176.66,184.81,176.21,183.77,80041701
3/20/23,184.19,186.24,179.9,183.65,55150280
3/27/23,181.15,184.4401,180.69,183.22,32487766
4/3/23,183.85,188.86,183.32,186.49,41061251
4/10/23,185.18,190.41,184.19,186.36,49773203
4/17/23,185.89,187.03,183.22,184.25,39387121
4/24/23,184.07,186.65,183.38,184.8,40766767
5/1/23,186.05,191.36,183.91,187.46,59341305
5/8/23,187.82,189.64,186.58,186.81,37899333
5/15/23,187.3,187.88,181.335,183.64,39767736
5/22/23,183.22,183.84,180.09,180.92,30655098
5/30/23,181.72,184.21,180.96,181.05,29430612
6/5/23,180.79,183.04,180.15,182.04,31212728
6/12/23,181.8,182.618,180.14,181.63,32327244
6/20/23,180.06,180.09,177.63,178.2,27656917
6/26/23,179.05,179.29,175.79,178.27,27409122
7/3/23,178.61,179.65,176.66,178.64,20071904
7/10/23,178.37,182.17,178.2601,181.43,23119985
7/17/23,180.99,184.23,180.64,182.18,25125298
7/24/23,182.22,183.64,180.32,181.86,26040556
7/31/23,182.43,183.09,179.28,180.19,28100090
8/7/23,180.15,180.15,177.49,177.6,26541577
8/14/23,176.86,177.58,174.93,175.33,37887297
8/21/23,175.9,178.49,174.96,177.62,29707311
8/28/23,177.65,181.12,177.51,180.11,28677373
9/5/23,179.33,179.4438,177.7,178.08,20034970
9/11/23,178.97,179.105,176.36,178.34,23814578
9/18/23,178.82,180.66,177.69,178.62,29815047
9/25/23,178.41,178.71,171.265,171.45,44172033
10/2/23,170.23,170.46,168.3,169.7,51119119
10/9/23,171.18,179.095,171.075,178.83,47889092
10/16/23,177.84,185.23,177.535,183.59,56730314
10/23/23,183.5099,186.36,181.68,186.15,47935018
10/30/23,185.54,186.21,182.67,184.79,43783634
11/6/23,184.14,184.23,179.245,179.51,35906669
11/13/23,179.4,184.32,179.11,183.67,30251591
11/20/23,182.32,186.115,182.225,185.52,19499110
11/27/23,186.56,192.395,185.93,192.01,49915257
12/4/23,189.599,190.38,184.9,185.64,44952099
12/11/23,184.5,189.82,183.1513,187,41643919
12/18/23,187.5,191.88,187.24,190.27,29182233
12/26/23,190.97,193.1823,190.4,191.17,21099814
1/2/24,191.44,191.89,188.16,189.35,26585840
1/8/24,187.21,191.08,186.56,189.71,28821727
1/16/24,189.15,189.26,185.45,187.93,25596120
1/22/24,187.23,188.37,186.32,187.01,25239530
1/29/24,188.31,191.36,187.1899,188.61,36107979
2/5/24,186.875,189.39,186.7,187.6,24865162
2/12/24,186.6,187.27,183.78,186.34,34010994
2/20/24,187.96,189.18,187.05,188.62,22699197
2/26/24,187.79,193.4,187.53,192.89,32741080
3/4/24,194.15,203.3,193.88,201.63,54291690
3/11/24,201.71,202.41,199.16,199.71,34117890
3/18/24,199.66,203.92,198.935,200.35,35773152
3/25/24,201.19,206.05,200.965,205.72,25022880
4/1/24,208.68,215.74,206.29,215.14,64204404
4/8/24,215.98,225.09,214.61,216.89,79042203
4/15/24,217.94,222.36,215.16,221.03,50691981
4/22/24,216.35,217.0676,213.87,216.62,42750673
4/29/24,216.02,217.215,210.71,212.96,42999242
5/6/24,215.14,219.6,213.5,218.71,33397334
5/13/24,217.06,223.8501,215.8,223.66,33640326
5/20/24,223.79,225.66,215.66,215.92,32646880
5/28/24,218.43,218.59,214.65,215.3,16683122
6/3/24,215.92,219.97,211.54,211.6,34640180
6/10/24,213.13,216.55,212.26,215.73,27073204
6/17/24,214.9,218.7413,213.6,214.78,24999987
6/24/24,215.55,215.94,212.1204,215.01,22097882
7/1/24,215.25,221.28,214.485,220.93,19725456
7/8/24,219.64,224.1489,217.265,223.11,29754769
7/15/24,223.39,229.65,221.41,221.73,39561928
7/22/24,221.58,224.88,217.52,220.63,32714381
7/29/24,221.26,228.76,219.045,225.34,35247751
8/5/24,220.56,225.28,220.11,224.56,39357166
8/12/24,226.14,232.02,225.12,231.99,34961838
8/19/24,230.15,234.01,228.26,232.02,30759356
8/26/24,233.45,233.61,230.5501,231.29,23815596
9/3/24,230.38,232.89,228.52,230.63,22267834
9/9/24,231.26,238.98,230.39,238.68,29964531
9/16/24,238.73,242.625,235.3,242.21,34897416
9/23/24,242.97,247.37,242.585,245.02,36576658
9/30/24,243.97,246.98,242.5,245,35949760
10/7/24,244.58,245.92,240.63,245.47,26221555
10/14/24,245.16,251.37,244.26,251.27,28005446
10/21/24,252.74,253.94,250.2,253.32,33482532
10/28/24,253.01,257.71,252.2,252.47,35694615
11/4/24,253.32,253.9893,244.9506,247.96,40300897
11/11/24,242.73,242.73,236.1326,236.59,45792960
11/18/24,240.46,250.39,240.45,249.84,34872218
11/25/24,244.27,245.81,241.48,245.59,25318087
12/2/24,244.46,245.34,242.15,242.95,21278308
12/9/24,246.28,251.26,244.27,244.29,37139451
12/16/24,245.41,245.54,238.73,242.1,33388596
12/23/24,241.6,243.56,240.65,241.4,17636724
12/30/24,241.08,245.53,239.58,243.49,17162086
1/6/25,242.33,249.04,242.05,248.21,27532701
1/13/25,246.34,251.39,245.151,249.27,37257261
1/21/25,251.95,257.07,251.83,255.65,26734759
1/27/25,253.86,259.99,251.92,258.56,38750278
2/3/25,259.75,266.345,259.5236,263.9,51938107
2/10/25,268,270.39,265.45,266.29,49642628
2/18/25,269.68,271.84,269.24,270.74,33802732
2/24/25,271.45,272.32,261.25,263.27,43609287
3/3/25,265.07,270.34,265.07,268.39,39765027
3/10/25,267.62,276.3,265.64,275.24,50373116
3/17/25,275.54,281.479,275.39,278.49,42224731
3/24/25,278.91,284.64,276.86,284.06,34742126
3/31/25,287.53,289.13,278.02,279.72,82964983
4/7/25,278.855,299.275,272.58,297.93,98706635
4/14/25,295.54,308.0599,294.53,306.12,59417628
4/21/25,315.015,317.63,300.59,304.73,102572571
4/28/25,304.15,309.11,295.32,297.98,48206912
5/5/25,305.92,315.62,303.05,306.84,47119969
5/12/25,298.33,300.3,291.78,294.24,67080854
5/19/25,297.845,310.25,296.482,309.75,59965397
5/27/25,303.81,306.89,301.5,303.6,37437491
6/2/25,309.21,312.2,305.1,305.18,49014362
6/9/25,305.39,317.6,305.06,316.29,51603860
6/16/25,314.8,314.87,309.25,310.13,39248051
6/23/25,310.34,312.67,299.89,301.22,51545073
6/30/25,302.385,309.395,301.95,307.14,31119948
7/7/25,305.07,310.28,302.77,309.14,46083126
7/14/25,309.07,311.09,305.12,308.39,43831526
7/21/25,311.88,316.24,306.2,307.4,52310274
7/28/25,306.44,309.55,300.955,309.11,50300469
8/4/25,310.8,313.53,309.84,313.05,52833142
8/11/25,308.62,310.39,306.52,307.43,36554851
8/18/25,307.79,311.025,305.19,310.58,31030957
8/25/25,309.67,318.09,309.67,318.07,45315803
9/2/25,320.82,331.44,320.24,331.05,65078032
9/8/25,333.66,338.31,326.19,335.42,70907286
9/15/25,336.31,341.24,333.81,339.18,69162549
9/22/25,342.75,348.75,341.84,346.74,67817264
9/29/25,351.79,358.67,350.865,357.64,75231596
10/6/25,362.16,373.57,361.37,369.12,119850303
10/13/25,376.5,397.28,375.5797,388.99,153168786
10/20/25,397.45,403.3,368.93,377.52,146107862
10/27/25,371.13,371.59,360.12,368.12,87697708
11/3/25,368.91,370.84,361.39,368.31,45103078
11/10/25,375.93,388.18,370.89,375.96,71479008
11/17/25,374.035,380.17,368.52,374.27,55795562
11/24/25,374.88,388,374.19,387.88,36907602
12/1/25,390.61,391.735,382.9103,386.44,43372030
12/8/25,387.02,400.39,384.01,395.44,50333976