time,open,high,low,close
11/15/04,0.8796014601848886,0.8853212420419238,0.8647579374720858,0.8647579374720858
11/22/04,0.8653376634636872,0.8713936455444621,0.8632520965015431,0.8659002461691866
11/29/04,0.8733153165597969,0.8834265074813132,0.861930927,0.8670932466900776
12/6/04,0.8718537239480061,0.9089351189762509,0.8673965985369098,0.9074704445211788
12/13/04,0.9101669740885119,0.9178196098737085,0.9012970029418421,0.9012970029418421
12/20/04,0.9019001933228064,0.9149680336210813,0.8966385482634189,0.9107989069347187
12/27/04,0.9110444414189299,0.9315882220096375,0.9021534894334533,0.9220173228310503
1/3/05,0.9455777168450442,0.9455777168450442,0.9206991467072884,0.9404352237093688
1/10/05,0.9377273501482853,0.9440757487340744,0.9180525536723165,0.9287983367678788
1/18/05,0.9313226463761252,0.9389027580570041,0.911026898,0.911026898
1/24/05,0.9108667361097951,0.9199195097578363,0.9055090147299509,0.9130556748653081
1/31/05,0.9300031914230772,0.9663966597540391,0.9300031914230772,0.9663966597540391
2/7/05,0.9657710519855597,0.9788445851815745,0.9503103585943103,0.9556395211501902
2/14/05,0.9490986794902054,0.9527599324644548,0.9376333536585366,0.9378614659649124
2/22/05,0.9200859642774833,0.9286906335632183,0.9063129762880476,0.9286906335632183
2/28/05,0.9249422202248673,0.9415114462886122,0.9192241011029412,0.9415114462886122
3/7/05,0.9421045369103099,0.9435732403064215,0.9028608824805048,0.9028608824805048
3/14/05,0.9066379637681797,0.915992574,0.8971102859728507,0.9048864528843524
3/21/05,0.9189261082502063,0.92818447,0.9182182859943797,0.925554868
3/28/05,0.9254600351001177,0.934177123,0.9138152900365044,0.9215269758329423
4/4/05,0.9250872133130366,0.9377408997175142,0.925083772,0.925083772
4/11/05,0.9230470093370681,0.9285781575630251,0.8998243077415821,0.8998243077415821
4/18/05,0.8966519776733256,0.9000495753796622,0.8770336663672041,0.8879992191749251
4/25/05,0.8935714300873288,0.8962571072497122,0.8798319971820282,0.8898482157212882
5/2/05,0.8961390825411546,0.9283246137932156,0.8961390825411546,0.9205444710724364
5/9/05,0.921080687,0.9251280753344285,0.9115520074222553,0.9197909718712753
5/16/05,0.9249056325113717,0.9564284029840103,0.9244123495331578,0.9564284029840103
5/23/05,0.9568284617414249,0.9623473585991845,0.9527970537377598,0.9594572884431709
5/31/05,0.9694106451145958,0.9729181158198892,0.9527778185914157,0.9540807623903249
6/6/05,0.9460642011278195,0.9582888435502959,0.9448753632508834,0.9477135865790709
6/13/05,0.9431865631861714,0.9548473370812838,0.9384372532640245,0.9406506807242723
6/20/05,0.9312007878925809,0.9420451796695731,0.9156223261098693,0.9156223261098693
6/27/05,0.9176081721203124,0.9490447775175643,0.9163003067638351,0.9490447775175643
7/5/05,0.9561190529175525,0.9744189814053433,0.9452591377442902,0.9744189814053433
7/11/05,0.9728073803449091,0.9973907958311292,0.9728073803449091,0.9909217441141499
7/18/05,0.9914865737639242,0.9970922637861065,0.9808660836396412,0.9877537580683156
7/25/05,0.9901180058601022,0.9921469363761337,0.982321533,0.9842080494609878
8/1/05,0.9786683296193129,0.9822717001788412,0.9553849928833792,0.955930908
8/8/05,0.9599054078584559,0.9657303011910217,0.9368325025506421,0.9386668964560809
8/15/05,0.947456973,0.9541514508696634,0.929899973,0.9523743233086416
8/22/05,0.9495974917883211,0.9499650011376564,0.9403035909195139,0.9403035909195139
8/29/05,0.9356176653732025,0.9606542381691793,0.9356176653732025,0.9395528953672316
9/6/05,0.9378965335434489,0.9518494825174825,0.9378965335434489,0.9440974230597681
9/12/05,0.9472470929380244,0.9495245262214255,0.9188912139737991,0.9209717968197737
9/19/05,0.9097062033715149,0.9097062033715149,0.8762021119847003,0.8958093610630942
9/26/05,0.9089397380017451,0.9089397380017451,0.8831147642536836,0.8996894513918628
10/3/05,0.9030900015015015,0.9055637214562688,0.8624679372023011,0.8628068992820946
10/10/05,0.8639383168463326,0.8661433348799021,0.8501782387965495,0.8645492164529915
10/17/05,0.853863295,0.8807523088044885,0.853863295,0.8669246433791917
10/24/05,0.8733843666738521,0.8838333334770424,0.8523023184193129,0.8649251200762389
10/31/05,0.8733167571246278,0.9173566891576992,0.8733167571246278,0.9173566891576992
11/7/05,0.9173267357127217,0.9173267357127217,0.8940800602821718,0.9036854196581198
11/14/05,0.9094591108247422,0.9094591108247422,0.8759712599128088,0.8829464892805429
11/21/05,0.8794868685561718,0.9024336621452421,0.869982836,0.8797370455281263
11/28/05,0.884195843,0.884195843,0.8639334330418456,0.8639334330418456
12/5/05,0.8608821697168688,0.8632483263199683,0.8206205118375258,0.8262042387794348
12/12/05,0.8188573929176869,0.8706819086084336,0.8086522893698455,0.8691448307047315
12/19/05,0.8607248827599843,0.886160268,0.8575736838979774,0.8696607382282523
12/27/05,0.8625675041594282,0.8625675041594282,0.831934725,0.8323031828227995
1/3/06,0.8235319350797351,0.838898449,0.8188128449167146,0.824353619
1/9/06,0.8290789049609232,0.8306936113299568,0.8003111553275737,0.8014092801226552
1/17/06,0.8012103496832579,0.8163134746969716,0.7836990184277353,0.7898285324275361
1/23/06,0.7860406688253282,0.7996794866079454,0.7795179600997506,0.7996794866079454
1/30/06,0.7954435513668037,0.7954435513668037,0.7691937359043743,0.776461006
2/6/06,0.7732723765455208,0.8008745070863243,0.7694584672939061,0.8006183832119698
2/13/06,0.8023191533674964,0.8296998605391238,0.7985196088378158,0.8104414111278364
2/21/06,0.8102579610083424,0.8172264648609078,0.8037899435657799,0.8037899435657799
2/27/06,0.8107032361026485,0.8143875816010873,0.7888131850029593,0.7941546130063966
3/6/06,0.7938054812976423,0.828478991,0.7932429973427811,0.8251910150473714
3/13/06,0.8248926113884266,0.8304636473731607,0.8113353309871866,0.8222349577285922
3/20/06,0.8269034657159544,0.8313259089403974,0.8130626996835937,0.8130626996835937
3/27/06,0.8053276979935383,0.8053276979935383,0.7729645631459791,0.7800376096320809
4/3/06,0.7744895148413511,0.7840943060344827,0.7705775320512821,0.7713069877112135
4/10/06,0.762116309,0.7648772983884647,0.7536192127584639,0.7549875341176471
4/17/06,0.7430000427293806,0.755100481,0.7165461419859265,0.724723236
4/24/06,0.7339303482068407,0.7407900145644792,0.702927915,0.702927915
5/1/06,0.699593594,0.7002457139119729,0.6789686522831387,0.6806049232821116
5/8/06,0.6889703023809524,0.6930914443445693,0.6305681161871182,0.6333041290776152
5/15/06,0.653462789,0.6756178931993817,0.6396148640444634,0.6734801689539494
5/22/06,0.6812128405774603,0.6948963298823528,0.6562547068394096,0.6846198512104683
5/30/06,0.6829802717791411,0.7167738545396419,0.6714872435525713,0.7075393442519685
6/5/06,0.7012533579985336,0.7279821480518929,0.6979590225879321,0.7192440524400331
6/12/06,0.7194217563343205,0.7682105834695732,0.7147861874062968,0.7528760121144266
6/19/06,0.7672489079597348,0.7672489079597348,0.7418239715065689,0.7468018969129339
6/26/06,0.7466322966523604,0.7544422630243767,0.7241106018291688,0.7241106018291688
7/3/06,0.7194881942401237,0.7194881942401237,0.7039449418808877,0.7039449418808877
7/10/06,0.711869887,0.711869887,0.6494130686453576,0.6518250027600604
7/17/06,0.6616225717892532,0.7006055184437971,0.661135449,0.69538398
7/24/06,0.7115340859310572,0.7205201967240515,0.6956933019965414,0.7017612010774837
7/31/06,0.7014831877376426,0.7074361452594491,0.6825562048451395,0.6908992885812072
8/7/06,0.6876107994416008,0.7016444054234567,0.6782505655268452,0.6995203129452539
8/14/06,0.7074967324891809,0.7439520966832505,0.7043275156323554,0.740913815
8/21/06,0.724652849,0.7287032929719202,0.7196575601023018,0.7263043810911446
8/28/06,0.7239070315533981,0.7440381100732576,0.7239070315533981,0.7332774530093338
9/5/06,0.7210344087025315,0.745538254,0.7159098838161209,0.7436013837401055
9/11/06,0.7651451692191726,0.8084256396046594,0.7631196840506329,0.7991507404443797
9/18/06,0.7973221117104576,0.8048661916536719,0.7785221190800681,0.780463753
9/25/06,0.7872160872254663,0.7893891878806285,0.7726178792102206,0.7791661007230536
10/2/06,0.775043171,0.8389740057522919,0.775043171,0.8227820251303694
10/9/06,0.8159293795806858,0.8314277446507516,0.8124463405381672,0.8125615996992317
10/16/06,0.8075979822837235,0.8140397396223378,0.7997998078457348,0.8104982043211977
10/23/06,0.8207869514512784,0.8391444547212943,0.8081501552441338,0.8081501552441338
10/30/06,0.798111098,0.8075250991777143,0.7630637730337079,0.7630637730337079
11/6/06,0.7654530559755509,0.7913036201930944,0.7639749707704527,0.7713469937034736
11/13/06,0.7789482076454397,0.798840078,0.7768250337674868,0.7923633855616704
11/20/06,0.7899811252014179,0.7941072753411306,0.7726429157214871,0.7732321300787401
11/27/06,0.773386154,0.7758320676060798,0.7585764905808476,0.7632819145352463
12/4/06,0.7661161616429798,0.7966972952457696,0.7661161616429798,0.7966972952457696
12/11/06,0.7960521101724204,0.8191513304039605,0.7911422442418425,0.8186734198360657
12/18/06,0.822776557,0.822776557,0.7998542142504808,0.7998542142504808
12/26/06,0.7931824501634881,0.8026039736419158,0.785774216,0.785774216
1/3/07,0.786438816,0.8244556126382837,0.7821957992814745,0.819057083
1/8/07,0.8185551995693938,0.8240600728300631,0.8072911302183687,0.8087195044233554
1/16/07,0.809582406,0.8118846995651605,0.794513727,0.795928282
1/22/07,0.796589178,0.796589178,0.7789536121757236,0.7789536121757236
1/29/07,0.7832241276078109,0.7967752493730408,0.7750647394957983,0.7925890337585563
2/5/07,0.78867334,0.7931557278805784,0.7672109376890501,0.7672109376890501
2/12/07,0.7696792848484848,0.7795998300715523,0.7649521988507486,0.7739917206148282
2/20/07,0.77655361,0.7887676113918236,0.7536216991685017,0.7582909511222682
2/26/07,0.7577949718993674,0.7720811768234922,0.7358750069348384,0.7678752139577438
3/5/07,0.767756885,0.7723169881982691,0.7640799222395024,0.77134588
3/12/07,0.7676057523405256,0.7730713233159282,0.7587063478799133,0.7587063478799133
3/19/07,0.7611259235511715,0.781360234,0.7611259235511715,0.7803193804020537
3/26/07,0.7789062822827418,0.7789062822827418,0.7589100541516245,0.765582811
4/2/07,0.7683427401364862,0.7733991897311256,0.7628533027989821,0.76441126
4/9/07,0.7672147172547847,0.7692045824248296,0.7575283283801677,0.7589799599056604
4/16/07,0.7588754840035221,0.7706297805419814,0.7588754840035221,0.7642375193595342
4/23/07,0.7678412110802514,0.7924094463157895,0.7662452751996031,0.7818197797513321
4/30/07,0.7874904349702381,0.7945547912569959,0.7797303857563036,0.7809093830473677
5/7/07,0.7787523066354867,0.8020000847253573,0.7787523066354867,0.8020000847253573
5/14/07,0.8007945745159839,0.8246398819367954,0.7963708635964628,0.8198452999084249
5/21/07,0.8232238804141339,0.826241683,0.8202967146337748,0.8244831829380967
5/29/07,0.8247173100429975,0.8377298991038319,0.8206476971703793,0.8206476971703793
6/4/07,0.8174851297102538,0.8321712368421053,0.8078476783401285,0.8321712368421053
6/11/07,0.8295177637550513,0.8449793593014681,0.8244648503174961,0.8380253574363365
6/18/07,0.8346916833870226,0.8368249334503679,0.8259703349799321,0.8259703349799321
6/25/07,0.8278803996588089,0.839870927,0.8245876753977456,0.8300298204449977
7/2/07,0.8276062436221119,0.846334065,0.8276062436221119,0.8384752617802861
7/9/07,0.8397725124615385,0.8397725124615385,0.8158003989972047,0.8339742024837195
7/16/07,0.8321741170871734,0.8386193333840999,0.8066027721219297,0.8066027721219297
7/23/07,0.8069351091445428,0.8111116211558461,0.7860268760128422,0.7860268760128422
7/30/07,0.7918069553311916,0.7952411149269468,0.7624261991303044,0.7624261991303044
8/6/07,0.7657157748274828,0.7973519191811979,0.7613731136726909,0.7709889020596512
8/13/07,0.7829685148231753,0.7949928581164808,0.7536028401889082,0.7858644837508819
8/20/07,0.7887184972333231,0.7954595033516149,0.7822046355356591,0.793261476
8/27/07,0.7921910035132561,0.7921910035132561,0.7747697929138667,0.7849899186710765
9/4/07,0.7817601318909002,0.7850645249778304,0.7424445602857143,0.7458833540856031
9/10/07,0.7417459440042962,0.7519695922318057,0.7387809118811881,0.7519695922318057
9/17/07,0.7455308806151819,0.759941214,0.7373917439090758,0.746517976
9/24/07,0.7450019120846201,0.7516470616666667,0.7376709432282604,0.7376709432282604
10/1/07,0.7393355272369673,0.7673177329705597,0.7393355272369673,0.755438003
10/8/07,0.7632303148912745,0.7677500657126979,0.7456455574473789,0.7456455574473789
10/15/07,0.7423377001816642,0.7423377001816642,0.7059072435931308,0.7059072435931308
10/22/07,0.7154865459576191,0.7202486472474612,0.70311922,0.7035672104517956
10/29/07,0.7014694129296027,0.7076690833658472,0.6737898578228736,0.6737898578228736
11/5/07,0.6737980952306846,0.6737980952306846,0.6308701871733818,0.6309564521728463
11/12/07,0.6416338143265763,0.6680137854662379,0.6416338143265763,0.6680137854662379
11/19/07,0.6625879119989722,0.6691197854421232,0.6294386920615385,0.6294386920615385
11/26/07,0.6224835107598784,0.6816084069311424,0.616744009,0.6816084069311424
12/3/07,0.6805748979196279,0.6851702401841668,0.6554869826809802,0.6825999791857533
12/10/07,0.6808020673154854,0.6808020673154854,0.6546929409557167,0.6654823020886399
12/17/07,0.6655909793933188,0.6655909793933188,0.6477065155155398,0.6608549993938827
12/24/07,0.6652980589330434,0.6666890690042426,0.633724903,0.633724903
12/31/07,0.6368927898365011,0.6372115435472065,0.590550001,0.590550001
1/7/08,0.5924527797450986,0.5944284438691583,0.5619321063445474,0.5619321063445474
1/14/08,0.5593285997764114,0.5621813369088812,0.5385372479981697,0.5385372479981697
1/22/08,0.5176576122591131,0.5435750634884515,0.5044625691966889,0.5247153586932447
1/28/08,0.5222557567880655,0.5585024716311937,0.5190938200550964,0.5585024716311937
2/4/08,0.5644134440643367,0.5644134440643367,0.5242054879120879,0.5242054879120879
2/11/08,0.5232623352660737,0.551029394,0.5231456170942062,0.5423637100800572
2/19/08,0.5390881371259454,0.5390881371259454,0.5149806691953797,0.5183960992611628
2/25/08,0.5172029797030222,0.530777192,0.4978476471041429,0.4978476471041429
3/3/08,0.4888993014766202,0.4997067051593512,0.4799366737358963,0.48217872661046934
3/10/08,0.48858403905263154,0.4921468045476816,0.46629497421640387,0.4683212341889136
3/17/08,0.4545175799921889,0.5259724504186278,0.4545175799921889,0.5259724504186278
3/24/08,0.5259113015897741,0.5362442356889726,0.5097296366649222,0.5138823405528951
3/31/08,0.509559147,0.5649770662845648,0.509559147,0.544958676
4/7/08,0.5465074027333847,0.5465074027333847,0.5248838006571742,0.5248838006571742
4/14/08,0.5244118154389165,0.5586025414115848,0.5192919635153986,0.5508084246303244
4/21/08,0.5473033844369847,0.5752728556204882,0.5438291833793998,0.5752728556204882
4/28/08,0.5723515068274921,0.609040441,0.5703370020743215,0.6005496313549302
5/5/08,0.5917830459597392,0.5963309592839593,0.570882891,0.5732913065660032
5/12/08,0.5775476256327657,0.5979785552965855,0.5756789077864854,0.5778085591374197
5/19/08,0.5755456281628193,0.5799217886617724,0.5450210190726734,0.5450210190726734
5/27/08,0.554703606,0.5858121636587866,0.554703606,0.5806336789022298
6/2/08,0.5796726358751572,0.5918755804511278,0.5572026458567257,0.5572026458567257
6/9/08,0.5626026135760801,0.578806472,0.5592752331647898,0.5771586193638588
6/16/08,0.5585695884353741,0.5752036516374539,0.5411900048439788,0.5424569790893761
6/23/08,0.5573827813334997,0.5583070667595496,0.511070278,0.511070278
6/30/08,0.508892852,0.5142058713133768,0.4927604091445744,0.4982272107321312
7/7/08,0.5085134233727037,0.5101430017605634,0.47310834129045404,0.4750356895754519
7/14/08,0.48181564076138395,0.48927766472086603,0.45835959660060743,0.4877596388446427
7/21/08,0.4876932023218997,0.5177561993202828,0.47798615857098087,0.5009523960082888
7/28/08,0.5049066343144764,0.5247898444595822,0.4939886437370544,0.5153284664141492
8/4/08,0.5179180289627301,0.5604096713738803,0.514615237,0.5604096713738803
8/11/08,0.5599519237565802,0.6184688233912021,0.5599519237565802,0.6141871369315987
8/18/08,0.6087239954157647,0.6087239954157647,0.5553752545984451,0.5850006362851505
8/25/08,0.5813557765282643,0.5813557765282643,0.5688643070069829,0.5756794050080278
9/2/08,0.6087184925793245,0.6087184925793245,0.5633995688061938,0.5772371651050898
9/8/08,0.5851603049737447,0.6254331232895457,0.5821019850898433,0.6109593102581072
9/15/08,0.5812793954853862,0.5894843566635817,0.4912196665565103,0.5369301602698302
9/22/08,0.5292047182262847,0.5292047182262847,0.4944719586336919,0.513858485
9/29/08,0.5031449944865609,0.5088174795026468,0.4642992161103923,0.48555862392541466
10/6/08,0.4542213332945014,0.45924375818699575,0.35249465799754437,0.3898486533285268
10/13/08,0.41165313957660565,0.4697715105029408,0.39487149201776495,0.44151191561819514
10/20/08,0.44755082949723546,0.48291839848484847,0.4370156897546898,0.43804467801624736
10/27/08,0.43708524813721356,0.4938367444631343,0.42403810599031666,0.4938367444631343
11/3/08,0.491364929,0.493857443,0.45530481140958184,0.465250816
11/10/08,0.46131152633689837,0.4616466908702616,0.42992194782735066,0.4306324497953616
11/17/08,0.4299474273018676,0.4320763891598916,0.3521411214049039,0.3645106260607957
11/24/08,0.36371731013051584,0.40351912949819446,0.3611216947001742,0.40351912949819446
12/1/08,0.4085739259331077,0.42487399839593637,0.3874423916132168,0.42417156186258725
12/8/08,0.42516148352510463,0.43355019107282694,0.38188313842333954,0.3957720077960648
12/15/08,0.3949505223164884,0.39811572052612526,0.38081880280644037,0.39050745818709914
12/22/08,0.3877468328650433,0.3877468328650433,0.37143476712806794,0.37304022429436634
12/29/08,0.368562322,0.3937245699808526,0.3633051093659104,0.39348077641192164
1/5/09,0.40452822171729247,0.41113465191315823,0.3881498808388942,0.3881498808388942
1/12/09,0.39814833296622615,0.39814833296622615,0.37253016032173225,0.37725163084855146
1/20/09,0.36781792835927285,0.36781792835927285,0.3417832941222948,0.3438749325652321
1/26/09,0.3429504213180901,0.36655965138244595,0.3321137645383857,0.3321137645383857
2/2/09,0.3324769212283044,0.35626182687799973,0.3291552558582653,0.35626182687799973
2/9/09,0.3612619519794055,0.36294965538067175,0.3215558865110246,0.3286994493787142
2/17/09,0.30915423994539537,0.30915423994539537,0.28569832674490425,0.29002613793456034
2/23/09,0.29701719774303753,0.3077815910457376,0.2803532487465466,0.2929240864730649
3/2/09,0.2844322015452036,0.2950129956820149,0.26882410394736844,0.27243823073336554
3/9/09,0.26892392934488346,0.3056685543263965,0.26892392934488346,0.3056685543263965
3/16/09,0.31267999752796516,0.3248849488655995,0.3027574666096805,0.3027574666096805
3/23/09,0.3110532676583904,0.33458808708670584,0.3110532676583904,0.3327790002205315
3/30/09,0.32818218217183504,0.35675955440118734,0.317815262,0.35675955440118734
4/6/09,0.3582368875274175,0.36867212918549414,0.34690297087049293,0.36867212918549414
4/13/09,0.3582647433829376,0.37974581741375263,0.3551686434712828,0.37974581741375263
4/20/09,0.3692680953155876,0.3692680953155876,0.34987374640025654,0.3594582503343737
4/27/09,0.35662379682077694,0.38073977979960844,0.35662379682077694,0.37714118999424956
5/4/09,0.37786313306681896,0.3847585096015096,0.3760303795349194,0.3839915226717048
5/11/09,0.3808110978357876,0.3808110978357876,0.3589016280020167,0.3592455039868925
5/18/09,0.3628921030263302,0.375148081,0.351577697,0.35184756418986346
5/26/09,0.35351518063474985,0.3629760738491049,0.35333959803306125,0.35746635207900207
6/1/09,0.3613132118793408,0.378447821,0.3613132118793408,0.37599423636813184
6/8/09,0.37605761591868064,0.38485336866659436,0.37455868875766296,0.38485336866659436
6/15/09,0.3818650784401609,0.3818650784401609,0.36947537374386863,0.37467683979073335
6/22/09,0.3776498378497954,0.3776498378497954,0.36422402062527137,0.3729289114669966
6/29/09,0.3745852280561929,0.37921513971127235,0.37002082817303467,0.3704760915068493
7/6/09,0.36917693479221925,0.3710789178138958,0.339638491,0.3675566910024559
7/13/09,0.36959200424818334,0.3846296349326965,0.36744377177959914,0.3839641501103176
7/20/09,0.3794636747142399,0.3944107254041323,0.3794636747142399,0.3944107254041323
7/27/09,0.39203492758625424,0.40799604554347824,0.39198528416880896,0.39834002224531095
8/3/09,0.39840441,0.40674538218666667,0.39750636273717094,0.40674538218666667
8/10/09,0.40889725314820796,0.40961269508267123,0.40445914638844305,0.40802037569892474
8/17/09,0.40700895431096795,0.4140834614072495,0.40320967849860667,0.4136314628544007
8/24/09,0.41622479880392993,0.42148296639022265,0.4131271969454235,0.41480764067327147
8/31/09,0.4142145449860425,0.4142145449860425,0.3874402178885032,0.39358552034927863
9/8/09,0.3936666364343475,0.4049598175025588,0.3936666364343475,0.4008343710265236
9/14/09,0.3999464834963325,0.4115627407520016,0.3999464834963325,0.4115627407520016
9/21/09,0.41146565400714646,0.4122371269665188,0.40689298721819644,0.408603584
9/28/09,0.4092626162676045,0.41667171149295196,0.39506647707634435,0.39506647707634435
10/5/09,0.39660364906580015,0.39660364906580015,0.3906680564453879,0.3964031442045896
10/12/09,0.39596153922042754,0.4051414832782423,0.3912536570334928,0.4009072729121218
10/19/09,0.4013481704148895,0.4014910157664233,0.3951127818513306,0.39572364124807796
10/26/09,0.39653715762498787,0.4038390533785095,0.38137601180142394,0.38137601180142394
11/2/09,0.3799015391304348,0.38119386474820144,0.3694407096694015,0.37632775736086355
11/9/09,0.37534347152451925,0.38206519391810706,0.37534347152451925,0.3766687585503227
11/16/09,0.3761778263775971,0.3768808261769736,0.36520011165220473,0.36520011165220473
11/23/09,0.3638728687538153,0.3653150777580592,0.35827584999130885,0.35827584999130885
11/30/09,0.3600256203703704,0.36885532799572995,0.3503195891322662,0.3682554403615342
12/7/09,0.3755285490564568,0.38380552389265243,0.36835861294887673,0.38380552389265243
12/14/09,0.3839867584752985,0.38872090422955097,0.37818051554798815,0.3853152594768242
12/21/09,0.38632349116057524,0.403169818,0.38632349116057524,0.39656184569952013
12/28/09,0.3972057942746686,0.40223676,0.39615516140154694,0.39615516140154694
1/4/10,0.39046566877930533,0.39549885004557883,0.3894223988547911,0.3930217526263805
1/11/10,0.3879205841715193,0.3947979782971636,0.3857137087129589,0.3911564078116544
1/19/10,0.39117897115817934,0.40147821915793347,0.38991720444154143,0.38991720444154143
1/25/10,0.3922363839352197,0.3948110550329257,0.3864323313419118,0.38689662043255757
2/1/10,0.3869754652100525,0.391611236,0.38232536,0.38888992
2/8/10,0.39018445474571406,0.39018445474571406,0.3845061931944961,0.3858816791742974
2/16/10,0.38062337980813155,0.38937181693614686,0.38046177924273333,0.38937181693614686
2/22/10,0.38929390824685967,0.39512772373323396,0.38751561093992604,0.38751561093992604
3/1/10,0.3891296662404092,0.39616508519086724,0.3860936977515005,0.39616508519086724
3/8/10,0.3947724064916382,0.41199235765472314,0.3947724064916382,0.411271739
3/15/10,0.41005487500000004,0.41284170618064847,0.4042877723141247,0.412664953
3/22/10,0.41400568670207805,0.42477529062937064,0.41400568670207805,0.4140950386775946
3/29/10,0.4148381486176173,0.4191376649069186,0.4107377547307132,0.41214931028018414
4/5/10,0.41267443017366134,0.41440542447987033,0.4051950985151596,0.40642006881379794
4/12/10,0.4073528361492432,0.41598987111111113,0.40646635047752566,0.4155969156241536
4/19/10,0.41571679453752297,0.4220552242544692,0.4140430932502033,0.417868834
4/26/10,0.41955301692062374,0.41955301692062374,0.39963844616851596,0.39963844616851596
5/3/10,0.39944042912604605,0.4037255164607276,0.19496837189855742,0.3624697792339562
5/10/10,0.38108336255319153,0.38210237100104927,0.3663323039054808,0.36690214521890835
5/17/10,0.3670451819162173,0.374811988,0.35530663694046066,0.3660849714459295
5/24/10,0.3604780630049854,0.3620829372889939,0.3447381020597413,0.35723131762014115
6/1/10,0.3500858850517184,0.3636790672533853,0.34684117754982907,0.3472785221075594
6/7/10,0.3493317786574581,0.35414888252583465,0.33420604011271343,0.35323984094990757
6/14/10,0.35727314962801976,0.36012560608817934,0.35227598648318537,0.3534514533908655
6/21/10,0.357256691,0.35923142362322447,0.33807130344752195,0.3411702883814181
6/28/10,0.34139679317507887,0.3447131945660252,0.32862977906227636,0.3343951447889995
7/6/10,0.3412519127252702,0.35360603534622265,0.33879487815993126,0.35282471383913483
7/12/10,0.3542180185012306,0.3621119699203017,0.3536316522670781,0.3536316522670781
7/19/10,0.35851166379582383,0.36870205917822374,0.35394478,0.36870205917822374
7/26/10,0.36909088623474823,0.3812380380792915,0.36909088623474823,0.37055171828281946
8/2/10,0.3745035308301757,0.37835902288030315,0.3657980908334249,0.3697474375424304
8/9/10,0.3719369012344515,0.37307742334560673,0.3502789285599419,0.35240035073266374
8/16/10,0.34671395989974935,0.35588995248812205,0.3454014639598158,0.34682148078686337
8/23/10,0.3487081707947628,0.3498660700536295,0.3340283781387255,0.3418918134775484
8/30/10,0.34171486531114065,0.3529803549715792,0.3327953328013064,0.3526802999343509
9/7/10,0.34836746936783014,0.35451803068517546,0.3461228563157466,0.3543068579643473
9/13/10,0.35828862986105403,0.35913131146193056,0.3507192369756019,0.3518647030531746
9/20/10,0.3518451504516748,0.35713782279394085,0.34696840680918445,0.35324646870313364
9/27/10,0.3532042993068794,0.35347713143172327,0.34781566146924214,0.34781566146924214
10/4/10,0.3481570186741363,0.34931337389208517,0.3430146227481722,0.3460688389032356
10/11/10,0.348119055,0.348119055,0.34142177344449387,0.344615239
10/18/10,0.34546965521731937,0.35773420973869896,0.34495477464998514,0.35705331950975105
10/25/10,0.3552593743519366,0.35804548749227916,0.3500708253221785,0.3501374681797617
11/1/10,0.3513732616956521,0.35856959561322216,0.35039142587973787,0.35293270134917143
11/8/10,0.35305812632430844,0.35346525955985875,0.3452515586397326,0.3528265182885781
11/15/10,0.35346396354400117,0.35811736180407666,0.3532297459119826,0.35755523108925874
11/22/10,0.3560661917051389,0.3560661917051389,0.3465040682235827,0.35332981
11/29/10,0.3507634669269465,0.3571443086538462,0.3438829012733598,0.3508282446709463
12/6/10,0.35020755834660494,0.3643022675625233,0.34798962175608616,0.36263879401512467
12/13/10,0.36194279795558476,0.36865210636541057,0.359826855,0.36741319575260806
12/20/10,0.36610125878783395,0.3716471032807317,0.36587244408259934,0.3702006090152978
12/27/10,0.3682952291571407,0.3696108415519029,0.3598644852941177,0.3598644852941177
1/3/11,0.3623783646787337,0.3792292612835508,0.3623783646787337,0.377165067
1/10/11,0.3751980454838965,0.3868216754088477,0.3751980454838965,0.3868216754088477
1/18/11,0.384000051,0.38982652140000934,0.38021993875261745,0.38749757643287797
1/24/11,0.38732207948416764,0.40319190278971634,0.38732207948416764,0.3884891
1/31/11,0.3920596814419432,0.39898680693314054,0.39104453827634195,0.3948115215707125
2/7/11,0.3959493565732513,0.39945859543604423,0.3933328331325301,0.39945859543604423
2/14/11,0.3976309638962016,0.3986140540052652,0.39348979475361473,0.39483588641902373
2/22/11,0.3862140010955303,0.38734186481562455,0.3751159045288253,0.38243321034472727
2/28/11,0.38343965647945194,0.38374419995496184,0.36994390174387465,0.3777136560664761
3/7/11,0.3764980971201153,0.37803128497780325,0.37238345404939693,0.37540610989726525
3/14/11,0.3700977686786765,0.37471771812472615,0.36658334992636227,0.3682758932572089
3/21/11,0.3692609034408602,0.3767275703158806,0.36664937735578645,0.3762132635511463
3/28/11,0.3810966644149357,0.38602604864943363,0.3772768208659464,0.38292003642241385
4/4/11,0.38098476279169347,0.3817116170654821,0.3699035629263539,0.3699035629263539
4/11/11,0.37136955988274706,0.37174340868747585,0.36412329520854875,0.36412329520854875
4/18/11,0.35946862272098185,0.3647718093217023,0.3575892881922352,0.3646648985508451
4/25/11,0.3626138594149313,0.368596691,0.3571932855649219,0.35823379457898535
5/2/11,0.36211917106040065,0.3726214260961066,0.35740267326345937,0.36881029642119745
5/9/11,0.36583909974773304,0.36964878312348376,0.365543461,0.3677625076563895
5/16/11,0.3656503934740883,0.37107658337927235,0.361920662,0.361920662
5/23/11,0.3583552721949995,0.35878389191742005,0.35274973110543306,0.3568871418169673
5/31/11,0.3599613061115559,0.360899787,0.34641645727974446,0.3470688199307682
6/6/11,0.34481783464939436,0.34489554541703876,0.34086377165211923,0.34086377165211923
6/13/11,0.3428166079533109,0.3480249490093437,0.3394269324396425,0.3394269324396425
6/20/11,0.3380816740283009,0.34870844751792235,0.3380816740283009,0.3483882829473734
6/27/11,0.34933550629312043,0.37128823055847315,0.34933550629312043,0.3711654629245472
7/5/11,0.365880177,0.36594493842773884,0.35777032463695413,0.3599842118469218
7/11/11,0.3529064786889579,0.3533978872041664,0.34040862950748224,0.34110911172680414
7/18/11,0.33833964100793795,0.34848432461409284,0.3344012840624398,0.3462008480015372
7/25/11,0.3394566921664536,0.34212193618504433,0.3256147858710544,0.3274458946519613
8/1/11,0.33313848071084484,0.33313848071084484,0.28988240758973083,0.29537173193199384
8/8/11,0.2805144713560551,0.2805144713560551,0.25607764887157747,0.2768904273695358
8/15/11,0.28033451049288266,0.2805813258952353,0.24680740976657126,0.2483927468741317
8/22/11,0.2512448846498468,0.28260403311377247,0.24219099593694132,0.26418401989068574
8/29/11,0.2699991836085604,0.27805008,0.2554448399106714,0.2554448399106714
9/6/11,0.245858602,0.27050164812514116,0.245858602,0.25508518218040954
9/12/11,0.2545131099983215,0.2795049110637808,0.2545131099983215,0.27616737806055786
9/19/11,0.2702702280156082,0.2829054264705882,0.26457251850967284,0.2829054264705882
9/26/11,0.2908563053080448,0.2957192330594185,0.28463899943059595,0.28463899943059595
10/3/11,0.27763999099882053,0.2897173234380822,0.2667429868282076,0.2887571282043679
10/10/11,0.28859730706572045,0.2989494290666725,0.28859730706572045,0.2989494290666725
10/17/11,0.2964773920121951,0.3091035815571715,0.29429602957815765,0.3091035815571715
10/24/11,0.307994473,0.31135535548379084,0.29272819775267395,0.3030594287819833
10/31/11,0.30270250928126546,0.30270250928126546,0.2906319753756313,0.2942168185415968
11/7/11,0.290587,0.2946587879329223,0.28583427408413586,0.29088353972846975
11/14/11,0.2902200203626096,0.29270815463732586,0.2881301406905024,0.29044658358191144
11/21/11,0.28785660347053826,0.29223536880733947,0.2820652689437602,0.28363708382111896
11/28/11,0.2852501076648959,0.29603706569086646,0.2852501076648959,0.29379808215769154
12/5/11,0.29940667544067195,0.3035607329685527,0.29726645459385165,0.30245976967907273
12/12/11,0.3070282154586871,0.31993647433020406,0.30507709327293037,0.3144325263157895
12/19/11,0.31538077244661694,0.3246678222762459,0.31148937954413375,0.3246678222762459
12/27/11,0.3267373665205055,0.33836071605854184,0.3267373665205055,0.33162646248921224
1/3/12,0.3313136804932593,0.3313136804932593,0.3240530555816536,0.326021036
1/9/12,0.3264367684926283,0.3282306063258786,0.32259559882463884,0.3255939658793147
1/17/12,0.32455639281504006,0.32928142024999996,0.3233788826829572,0.32662343341621314
1/23/12,0.3261103534267673,0.328685698,0.3148165100313665,0.3148165100313665
1/30/12,0.3132936456983174,0.3248892986160821,0.3127953441615971,0.3248892986160821
2/6/12,0.32508573202648944,0.3259563162978968,0.32126958539596684,0.3250639062462607
2/13/12,0.32708403340703995,0.32967279176091807,0.32379831150212957,0.3296211402078793
2/21/12,0.3261227265029606,0.3261227265029606,0.31768615805665196,0.3213720752361654
2/27/12,0.3194016915301499,0.3364976211585366,0.3194016915301499,0.3327065220031261
3/5/12,0.333093884,0.33861981071975494,0.33257805394374007,0.3336632485053784
3/12/12,0.33597172654690616,0.35502111194402797,0.33584319652131894,0.3521415497210167
3/19/12,0.35288297339863395,0.35601934974715554,0.3488960071019187,0.34993529999151873
3/26/12,0.3490200633082062,0.3528913596833055,0.34823110952756386,0.3508920301628423
4/2/12,0.351238654,0.3598282748890298,0.3507372315678883,0.35690020661992294
4/9/12,0.3489684450288004,0.35037695017882914,0.34011511811824224,0.34441230622242425
4/16/12,0.34700567597069815,0.35144786749105517,0.3449059704034669,0.3494609275705734
4/23/12,0.3489374880530974,0.3548011295512887,0.34679802242686214,0.3520620360639485
4/30/12,0.3531804815763922,0.3567748266524252,0.3469484572646893,0.3469484572646893
5/7/12,0.3463580010043312,0.3579749361040979,0.3463580010043312,0.3570202593123209
5/14/12,0.35841177055020446,0.36207773126839715,0.33833121158201224,0.33833121158201224
5/21/12,0.3403188539355006,0.35314683627237303,0.34005320798128164,0.3493843216783024
5/29/12,0.35015064390434614,0.3575059358550864,0.3278955702222222,0.3278955702222222
6/4/12,0.32859619544678853,0.346473908,0.32738191598360655,0.3464344007626188
6/11/12,0.34905797636117025,0.34905797636117025,0.3370928560644507,0.34300002698935633
6/18/12,0.3427278420724093,0.356625454,0.3427278420724093,0.35355037631027253
6/25/12,0.34993491650281816,0.3557842861966236,0.34524250970619863,0.3553684435852826
7/2/12,0.3574328573737635,0.3579932176756232,0.35249347936467434,0.35781199090417076
7/9/12,0.3574783411236247,0.3574783411236247,0.35333656256517204,0.35660855644219547
7/16/12,0.35522160488387006,0.3632323871937275,0.35461529588258217,0.3590895189692198
7/23/12,0.356240893,0.3569443033326811,0.3471414964205095,0.3554415525861085
7/30/12,0.3567252740372354,0.3612448013210724,0.3546033063703486,0.36095533719061396
8/6/12,0.3609614293868651,0.3631139515418502,0.36013447536788223,0.36174269625542027
8/13/12,0.3613871493155046,0.3678110848058816,0.361058574,0.36669200095712096
8/20/12,0.36665503520316894,0.36665503520316894,0.35018619843083953,0.35294991726862995
8/27/12,0.3542177745564691,0.35632787228345475,0.347921424,0.347921424
9/4/12,0.34781708232283226,0.3531777785190127,0.3462594103018453,0.3474253819757777
9/10/12,0.3482901811248808,0.35132516103427536,0.34599825389371064,0.34772315168800927
9/17/12,0.3471850491354718,0.34914058486740523,0.3445311406877039,0.3452829400277425
9/24/12,0.34636207853249723,0.34649581568352883,0.3404315884790475,0.34067767589737624
10/1/12,0.34038902684719086,0.3451855917741655,0.34038902684719086,0.344073389
10/8/12,0.34433488465793305,0.34433488465793305,0.3403724570760882,0.3413982173350582
10/15/12,0.34422489345156465,0.35159834209438307,0.34422489345156465,0.34900191537401926
10/22/12,0.3482963118865214,0.34871616667671707,0.34438124920069974,0.34634972888264504
10/29/12,0.34665907953384995,0.3559505785857603,0.3440748835797572,0.35437190932522084
11/5/12,0.35285230517410493,0.3542967130706156,0.33343036844240126,0.3352949775774653
11/12/12,0.33577711494484747,0.3374228301314935,0.3307043665307591,0.33432725337593444
11/19/12,0.33448700149031296,0.33988380339690105,0.33448700149031296,0.33930379706385233
11/26/12,0.33790330927105444,0.34898791421494596,0.33739479550960116,0.34897239915688044
12/3/12,0.3507131164288724,0.3525578591096555,0.3472216063130334,0.35161249899267394
12/10/12,0.34937292035398226,0.3571192325927298,0.34937292035398226,0.35310313702552854
12/17/12,0.35415259996345033,0.37159054410000636,0.3538782296350454,0.36684444034179503
12/24/12,0.3644457431004476,0.3649353965259619,0.3591301573520716,0.3591301573520716
12/31/12,0.35782882,0.37803334709547487,0.3578192611183678,0.3765777549239591
1/7/13,0.3778733010793172,0.3778733010793172,0.37280078349112056,0.3768190562523283
1/14/13,0.3748113265999506,0.3764530776830925,0.37097116406633907,0.37571399074130846
1/22/13,0.3748176825911427,0.38645616790888065,0.3742365651588419,0.38645616790888065
1/28/13,0.3878949083315708,0.3878949083315708,0.3819780879615523,0.38697224626819454
2/4/13,0.38580752714188227,0.3885686624021376,0.38160404407407406,0.3885686624021376
2/11/13,0.3928215234071849,0.40588115754399584,0.3924806382047756,0.4041426112700701
2/19/13,0.40465580905006415,0.41461371768948757,0.40465580905006415,0.4100475509577041
2/25/13,0.4105089209223554,0.4120511807268434,0.39558749177295915,0.4120511807268434
3/4/13,0.4110784720892096,0.4238695409933382,0.4110784720892096,0.4210261031349549
3/11/13,0.4203037402628098,0.42252870703176054,0.41698997498310425,0.4206173075748009
3/18/13,0.4122721428387926,0.4166269723657025,0.4109339906301601,0.41532802905818056
3/25/13,0.4189353262274367,0.42172200181264974,0.4147579676785643,0.42172200181264974
4/1/13,0.4213970303812492,0.43019699921129295,0.4188491906027219,0.4210376342516851
4/8/13,0.4224092021129996,0.45690180111149703,0.4224092021129996,0.45690180111149703
4/15/13,0.48189457036764705,0.4916232145140767,0.4702983943382353,0.475048687
4/22/13,0.46670680967837924,0.4772680889830509,0.4582216032365337,0.4653314532680434
4/29/13,0.4625654230159573,0.47151488030515415,0.462439461,0.4702443938348934
5/6/13,0.4700733222792102,0.4913056182650167,0.4700733222792102,0.4858944942052655
5/13/13,0.48925582346845126,0.5284437654349763,0.48892193335060374,0.5284437654349763
5/20/13,0.5287805395018338,0.5287805395018338,0.5054179638999305,0.5118611272324408
5/28/13,0.5178254261539068,0.5178254261539068,0.5013745798639059,0.5063227086320191
6/3/13,0.5042039902055353,0.5121348567677071,0.4899619087341956,0.5121348567677071
6/10/13,0.5139895680420105,0.5139895680420105,0.4992043582867784,0.5033843783667618
6/17/13,0.508840032,0.5363696515990539,0.5077783068616635,0.5299470690923631
6/24/13,0.5274829152119701,0.5818671039750044,0.5257283982645365,0.5610993631097304
7/1/13,0.5613953721027181,0.5770824600751705,0.5549728615422518,0.5769676549242103
7/8/13,0.5750419134268201,0.5750419134268201,0.5623066390879317,0.5645888672359622
7/15/13,0.5662497560444875,0.5714902452538091,0.5603669320604614,0.5655942258812244
7/22/13,0.5553532883159645,0.5553532883159645,0.5457230815879206,0.5495385135890666
7/29/13,0.5501951482288829,0.566652931,0.5485443539181286,0.566652931
8/5/13,0.5655975675913024,0.5755146997506635,0.5594488111303799,0.5594488111303799
8/12/13,0.5452520534651498,0.556639535,0.5236656460250414,0.5236656460250414
8/19/13,0.5232497949822413,0.5268973971941469,0.517430609,0.5182553883806812
8/26/13,0.5189915,0.5191045555053713,0.4991605032315062,0.509064321
9/3/13,0.5118755308670064,0.5274395011380879,0.504895631,0.5190436298206209
9/9/13,0.5209290788786998,0.5612411559907174,0.5209290788786998,0.5560692695142178
9/16/13,0.5639573373862566,0.5736131460570423,0.5493737876186173,0.5635476612576069
9/23/13,0.5638294988237139,0.567090426,0.5525966456243248,0.5546560921919826
9/30/13,0.554760533,0.5764372146239666,0.5527936841412421,0.5659298032877579
10/7/13,0.5582591230648329,0.5877151965974554,0.5496315803478478,0.5877151965974554
10/14/13,0.5777461011901615,0.5905154739123324,0.5714661752197603,0.5824330404861616
10/21/13,0.5814697839219697,0.5815168708458025,0.5687509636865089,0.5707995605703234
10/28/13,0.5708938710988422,0.5864518336374455,0.5676562402617163,0.5855576462386767
11/4/13,0.5864148680610158,0.6006262483605437,0.5838800511255549,0.6006262483605437
11/11/13,0.6017107511297611,0.6122414508750509,0.6017107511297611,0.6105561842824968
11/18/13,0.6154551165723524,0.6349226254169447,0.6120759399983718,0.6349226254169447
11/25/13,0.6404326037086758,0.6404326037086758,0.6308600719008265,0.631694486
12/2/13,0.6410066354865771,0.6470748253954755,0.6297661864027824,0.643150776
12/9/13,0.6434350291621145,0.6434350291621145,0.6222321324942034,0.6291527812028817
12/16/13,0.6330553295321147,0.666449377,0.627830683,0.6644064611005693
12/23/13,0.6699053603494508,0.6704905204637883,0.6645488617248144,0.6661491559938524
12/30/13,0.6708635047692704,0.682486309,0.65074536,0.65074536
1/6/14,0.6511917547595191,0.6625705484717637,0.6478933912970711,0.6507930619491102
1/13/14,0.6501278646378982,0.6573205396425874,0.6385413120145431,0.6463095484164392
1/21/14,0.6599766281976013,0.6599766281976013,0.6231621885681576,0.6231621885681576
1/27/14,0.626440642,0.6374328176504969,0.6161785291091696,0.6315862558914147
2/3/14,0.6293228926703743,0.6293228926703743,0.6104491600689881,0.6253116597364328
2/10/14,0.6225691246742672,0.6230299176045015,0.6134739984250729,0.6159132561541487
2/18/14,0.6156335654528331,0.618307881,0.6151175223389246,0.6151175223389246
2/24/14,0.6124453013773247,0.6232431664315938,0.6105809698165776,0.6232431664315938
3/3/14,0.6066192501538461,0.6293506306432749,0.6039842705492643,0.6223454606088775
3/10/14,0.6229793499379268,0.6229793499379268,0.5895534531717534,0.5925519809166041
3/17/14,0.5973415374821065,0.6266079265603004,0.5973415374821065,0.6213443459173348
3/24/14,0.6314975131236699,0.6374508361317404,0.626780945,0.6355511719653179
3/31/14,0.6395756606167685,0.6542922095353535,0.6330519070637892,0.6330519070637892
4/7/14,0.6334841990085552,0.6334841990085552,0.6090065993056104,0.6090162615614906
4/14/14,0.609812023,0.6359638703006012,0.6048880271900956,0.6359638703006012
4/21/14,0.6397799796082857,0.6531040787010662,0.6313390698397512,0.6313390698397512
4/28/14,0.63428511,0.6486499846553544,0.6303792129369225,0.6393061854309932
5/5/14,0.6290657291057168,0.6444451735357918,0.6290657291057168,0.6422028542304594
5/12/14,0.6384230909090909,0.646736131,0.6336116639633852,0.6402054302008032
5/19/14,0.6346482412994892,0.6487833778812947,0.6346482412994892,0.6487833778812947
5/27/14,0.6591224692632949,0.6807905564286908,0.6591224692632949,0.6781866645354148
6/2/14,0.6825186417076629,0.6896419453893614,0.6785952927011543,0.6881910262001493
6/9/14,0.6871654911002566,0.690014122,0.6702205374255162,0.6711695866948602
6/16/14,0.6704718500976563,0.6807127455775659,0.6575404201053211,0.6624371470355731
6/23/14,0.6617820986971971,0.6617820986971971,0.6549335772992585,0.6614710958471499
6/30/14,0.6609791047972813,0.6678136482110417,0.6545991241799438,0.666965975
7/7/14,0.6685868317934138,0.6685868317934138,0.6444537909534505,0.6506457890200341
7/14/14,0.6713256155378485,0.6743723292379346,0.6548270191415683,0.6669277198921748
7/21/14,0.6628015976448273,0.6817895807909604,0.6625273886289746,0.6687250543361608
7/28/14,0.670858866,0.6741248850556312,0.6560463328503582,0.658764503
8/4/14,0.6605260671437762,0.665353314,0.6447981358376922,0.6521871803629448
8/11/14,0.6565535058804831,0.6721115975746867,0.6525641310710331,0.6646564563327303
8/18/14,0.6722951858470909,0.6914772251531237,0.6721374167669475,0.6886606097897557
8/25/14,0.6941263237064756,0.6948087757047418,0.6851265793797825,0.6907202303407073
9/2/14,0.7025037236205625,0.7064308069022186,0.6988474456959632,0.7024580466164181
9/8/14,0.7042830166145747,0.7198527281463374,0.7029690738810291,0.7171291648082447
9/15/14,0.7147926758144625,0.7330213896689644,0.7106205942785023,0.7313601919890682
9/22/14,0.7320557182145305,0.7320557182145305,0.7123819556180254,0.7201856174611311
9/29/14,0.7126876265882153,0.7296616156530844,0.7027291209490244,0.7296616156530844
10/6/14,0.7296970257033693,0.7296970257033693,0.6871081650650566,0.6871081650650566
10/13/14,0.6842594856102928,0.6842594856102928,0.6518821094773988,0.6752692740566435
10/20/14,0.6706848088235294,0.7070927830164766,0.6706848088235294,0.7070927830164766
10/27/14,0.7060097467422576,0.7694028562103192,0.7035214546224896,0.7638813066749511
11/3/14,0.7669678273867782,0.788327743,0.7614123028194147,0.7673509676905373
11/10/14,0.7730788651995724,0.7871843602208944,0.7595757817294282,0.7601144188870447
11/17/14,0.7622150691410021,0.7698024332034018,0.7580377035521504,0.7626578867319526
11/24/14,0.7662591919235779,0.7869057601607861,0.7653770640492287,0.7866682673267327
12/1/14,0.7742587561511424,0.7742587561511424,0.7501182230228169,0.7732495407672813
12/8/14,0.7683223932330174,0.7683223932330174,0.7281857047951622,0.7281857047951622
12/15/14,0.7385603933057993,0.7706704866254247,0.7259415315617476,0.7706704866254247
12/22/14,0.7726548931277764,0.7912999850217141,0.7724476958336958,0.7775903008795612
12/29/14,0.779082927,0.7880639022343902,0.7687413011353862,0.7722041946879383
1/5/15,0.7633646001916711,0.7633646001916711,0.731993194,0.7466523389902779
1/12/15,0.7473635932232249,0.7473635932232249,0.6999065335853087,0.7061112659157689
1/20/15,0.7024631008654857,0.7125195738954195,0.6905095301166321,0.7079744547210818
1/26/15,0.7131408944295792,0.7198466594070884,0.6945943844471446,0.6945943844471446
2/2/15,0.7064349763624425,0.7475813649003815,0.6981186336397964,0.7453982566587997
2/9/15,0.7418267535975764,0.7652097392193624,0.7383842512377277,0.7646539655873877
2/17/15,0.774318775,0.7884068979875086,0.774318775,0.7884068979875086
2/23/15,0.7887764818868909,0.7934897242103421,0.7777730080293842,0.7805725439049587
3/2/15,0.778936989,0.7989796501877348,0.778936989,0.7989796501877348
3/9/15,0.7960354106920476,0.8072812555093931,0.7928300288384512,0.8016158375721502
3/16/15,0.8037689643532271,0.8156535636826783,0.8026579029824562,0.8037929069296469
3/23/15,0.8025812899736148,0.802967828,0.767779717,0.7761114785329394
3/30/15,0.7892977237928007,0.7950398913406593,0.7737788148116218,0.7783994878556558
4/6/15,0.7640097365325607,0.7914302905729484,0.7640097365325607,0.7862602984495456
4/13/15,0.789879624,0.7962438910631606,0.7803035681680117,0.7812322603806229
4/20/15,0.790833015,0.8122476958410925,0.7888776207314959,0.8119366799646175
4/27/15,0.8085847185386844,0.8085847185386844,0.7848315267103223,0.8047013814113901
5/4/15,0.7994371382028376,0.8024498210932702,0.784216534,0.8024498210932702
5/11/15,0.8007269299675694,0.8049230622568093,0.7789472667121419,0.781627199
5/18/15,0.7790458322295805,0.7986344607180021,0.7790458322295805,0.7972790370242215
5/26/15,0.8075499981553056,0.8087225225686778,0.8000561706244503,0.8005102862401402
6/1/15,0.7976670338202052,0.8154479220430108,0.7955095796536796,0.810798183
6/8/15,0.8094930192187917,0.810873474,0.7957641004906255,0.8048160949395037
6/15/15,0.7987073365112994,0.8079502559476431,0.7948939375813873,0.7979903115879082
6/22/15,0.8127513882590737,0.821325656,0.8127077125977257,0.8127077125977257
6/29/15,0.8036166067724493,0.8120434614006806,0.7921204824445034,0.807787769
7/6/15,0.8037171984602991,0.8174296227880101,0.8001164935181851,0.8098945600502289
7/13/15,0.8251157767816716,0.8492921825126553,0.8221475918661147,0.8492921825126553
7/20/15,0.8663332205440901,0.8808048918058102,0.856778145,0.856778145
7/27/15,0.8561272196493234,0.8768392603817013,0.8533086688115064,0.8704443011531496
8/3/15,0.8744774514771967,0.8780092936333416,0.8576490978364016,0.8614666496894409
8/10/15,0.8635432554508237,0.8642317265424545,0.8325819830730384,0.8494626304164717
8/17/15,0.843238381,0.8557736014812037,0.7719677766579682,0.7719677766579682
8/24/15,0.7252680060964676,0.8015504106562702,0.7109702205520634,0.7950152684452622
8/31/15,0.7952724954247158,0.7952724954247158,0.760679758,0.778826112
9/8/15,0.7923021145910781,0.8131441555618031,0.7902986226819495,0.8051835396571213
9/14/15,0.8078617351218591,0.8147245334716198,0.7825428173244209,0.7825428173244209
9/21/15,0.7922225285279749,0.7956168474139519,0.7585712283134178,0.7650995419360714
9/28/15,0.7709853817477161,0.7817258828820388,0.7534558593807934,0.7766599195339022
10/5/15,0.781311289,0.8013270779732453,0.7799733538265075,0.7898883343555515
10/12/15,0.7843806620399392,0.7869175144191897,0.7600715593533082,0.7836115422704242
10/19/15,0.7809955512251421,0.8041853258295965,0.7809955512251421,0.8041853258295965
10/26/15,0.8021524350666785,0.8257419759080123,0.7929942233759318,0.8220697327538884
11/2/15,0.8290048149852725,0.8737476950048032,0.8290048149852725,0.8737476950048032
11/9/15,0.8726411139131267,0.8726411139131267,0.845725706,0.845725706
11/16/15,0.8419851535872283,0.8802528217319144,0.8419851535872283,0.8772354156562228
11/23/15,0.8825393585089772,0.8983890084150085,0.8716636889061288,0.8965927066666667
11/30/15,0.8953661808332511,0.9009925927972373,0.8678488710180224,0.8707708584887522
12/7/15,0.875364242,0.875364242,0.8445086502764039,0.8445086502764039
12/14/15,0.8498586504191851,0.8895789903884265,0.8470929327698054,0.8505538568208545
12/21/15,0.8502286391452161,0.8735386906460757,0.8444566025478947,0.8661957378942262
12/28/15,0.8681165386416861,0.8857858889326894,0.867289643,0.8719948472304356
1/4/16,0.8437273847571027,0.8470145336767422,0.7863660795798637,0.7863660795798637
1/11/16,0.7925965010903575,0.8083248242371739,0.7684547642012962,0.7779982401998463
1/19/16,0.7871959989429176,0.7871959989429176,0.7419570710882409,0.7820875802857143
1/25/16,0.7751039450642965,0.7798893092234445,0.7527845154610456,0.7798893092234445
2/1/16,0.7710298682350754,0.7749948984743411,0.7194124520121083,0.7194124520121083
2/8/16,0.7029582156241752,0.7056661641634648,0.653262206,0.6762502581953362
2/16/16,0.6992222157758621,0.7202410208152646,0.6975896016569448,0.7019462408572887
2/22/16,0.721865862,0.7250788437094121,0.6884377996638655,0.717873569
2/29/16,0.7150153595543839,0.7250145447906937,0.7029674241402563,0.7182760667828106
3/7/16,0.7115425944875391,0.733029381,0.7072281816143497,0.733029381
3/14/16,0.7256014013469694,0.7417430072113345,0.7235710624793661,0.7407484733722871
3/21/16,0.7446540681512605,0.7595080290388898,0.7384767686461204,0.7569102460242414
3/28/16,0.7562147358862331,0.7690961180543682,0.7493232815269256,0.7687690420764559
4/4/16,0.770555295,0.7707032914334911,0.7465277506955569,0.7498211813729629
4/11/16,0.7465039047459613,0.7721719979506447,0.7377670474881279,0.7665065440976933
4/18/16,0.7602610418459461,0.7728174611007305,0.758733821,0.7720510176435661
4/25/16,0.7682531612493652,0.7682531612493652,0.7271955575414476,0.7271955575414476
5/2/16,0.7284284575860397,0.7352852246024018,0.7225448938370105,0.7263034104562428
5/9/16,0.7373952962046205,0.7490913645230616,0.7311544729274506,0.7311544729274506
5/16/16,0.725007452,0.7467158491354106,0.725007452,0.7467158491354106
5/23/16,0.7522709145212856,0.7915577258259817,0.747914599,0.7915577258259817
5/31/16,0.7919255689357291,0.7956361740295669,0.770839933,0.7720017686742934
6/6/16,0.7730120553452772,0.7796002774258931,0.7525353085263676,0.7525353085263676
6/13/16,0.7436105168566776,0.7471061471953105,0.7201029683630262,0.730643658
6/20/16,0.7486548761655488,0.7695390066605611,0.7038795252724688,0.7067434857550988
6/27/16,0.6987886618949699,0.725289965,0.6890860136564572,0.7157322548088155
7/5/16,0.7107073370341614,0.7158766520120958,0.6965952156321839,0.7138023118296046
7/11/16,0.7217937502509846,0.7510701718626365,0.7217937502509846,0.7460518227688426
7/18/16,0.7456684912612187,0.759321185,0.744384879,0.7541616315789474
7/25/16,0.7585425260097188,0.7585425260097188,0.7382801785797078,0.7394473616839821
8/1/16,0.7416722485805398,0.7508916813798511,0.7242733020687999,0.7508916813798511
8/8/16,0.7530979065912483,0.7530979065912483,0.7420928845260223,0.7527836091836734
8/15/16,0.7531627348377997,0.7531627348377997,0.7432843007991311,0.7500994794092365
8/22/16,0.7514270297735642,0.7594831080674531,0.7506748975284425,0.7574505274890916
8/29/16,0.7589739396825397,0.7677998405355568,0.7589739396825397,0.759343196
9/6/16,0.7556055398744114,0.7556055398744114,0.7405373257593689,0.7405373257593689
9/12/16,0.7399657407964532,0.7563660303661566,0.7399657407964532,0.7538911123460739
9/19/16,0.7545618389459438,0.7570547292315059,0.7489718893850372,0.7489718893850372
9/26/16,0.7437291534073148,0.7621863230659026,0.7436246570756566,0.7621863230659026
10/3/16,0.7624852566230451,0.7994316196588414,0.7617988894829237,0.7940668693836647
10/10/16,0.7953000491844208,0.7961744361240828,0.778871343,0.7881634152144772
10/17/16,0.7859965479532164,0.7873773372751499,0.7784085314309346,0.7816357859803029
10/24/16,0.7829200498845647,0.7883277517476698,0.7694204339483997,0.7698807354828098
10/31/16,0.7719523951938112,0.7719970098160521,0.7384515198970978,0.7384515198970978
11/7/16,0.7602269374694277,0.8191567602168115,0.7526877880933226,0.8183595392826645
11/14/16,0.8280068852049604,0.8429955915100905,0.8227795923681065,0.8423770148501953
11/21/16,0.8408293088489458,0.8749737119261167,0.8408293088489458,0.8749737119261167
11/28/16,0.8684355204451116,0.8827604080640806,0.8608355641476275,0.8691296337613698
12/5/16,0.8814366959064327,0.9127463177536231,0.8774949758273124,0.9127463177536231
12/12/16,0.9109448306356813,0.9371638011924724,0.9069585534199603,0.9295727391948172
12/19/16,0.9263698339779006,0.9413139382153158,0.9263698339779006,0.9336131351802094
12/27/16,0.9289632170150078,0.9332380898523984,0.9076237892786114,0.9106174981297327
1/3/17,0.917087875,0.917087875,0.8973221024437755,0.9079726535123043
1/9/17,0.9018010968947415,0.9018010968947415,0.8814190685634734,0.8883398015935557
1/17/17,0.8727733053757873,0.8860465208187543,0.8718792727665085,0.879521728
1/23/17,0.874820277,0.9078357317807491,0.8714892530773866,0.9011444693805621
1/30/17,0.8969167189507965,0.8969167189507965,0.8726013542921038,0.8825964292603117
2/6/17,0.8743268020842232,0.8848897274597188,0.8635582295303146,0.879807106
2/13/17,0.8891820145635226,0.897075649,0.8836171240375666,0.8922272402277361
2/21/17,0.898880968,0.899773434,0.877383403,0.8820150872180451
2/27/17,0.8813603458615218,0.9093107268120921,0.8795857596345514,0.904124442
3/6/17,0.9033657464848743,0.9240626211446047,0.9033657464848743,0.9207560815027894
3/13/17,0.9216300117770219,0.9252808287142607,0.9065435334017621,0.9068114193520814
3/20/17,0.9038951173812974,0.9038951173812974,0.875884831,0.8789425079925963
3/27/17,0.8639961799382974,0.8918901843504685,0.8639961799382974,0.8884741335916443
4/3/17,0.8896509855084674,0.8904691688585398,0.8733360029925187,0.8797681105809476
4/10/17,0.8840407242943549,0.8840407242943549,0.8478038514681893,0.8478038514681893
4/17/17,0.8504909439412485,0.8641663244659081,0.8504909439412485,0.8589128184122312
4/24/17,0.8795120266622506,0.8910810169350128,0.8739422247283504,0.8826796233336094
5/1/17,0.8891060375176775,0.9163935569609434,0.8870322240165632,0.9163935569609434
5/8/17,0.9164598231222763,0.9243535628231644,0.9121035174974395,0.9136379991440555
5/15/17,0.9104931708645337,0.9161187760799044,0.8779265633297153,0.8910599172529313
5/22/17,0.8915270760678761,0.9031249420823568,0.8908188797236557,0.8950388203915712
5/30/17,0.8956811716566867,0.9002581487740225,0.8899445633094119,0.8966008665405806
6/5/17,0.8944658002624887,0.906178031,0.8823582728675873,0.9029729222664675
6/12/17,0.9036094882406716,0.9136516607457059,0.8989660789300952,0.91248971
6/19/17,0.9201758804109821,0.9269893103943256,0.9111056856665274,0.9145392313489072
6/26/17,0.926306498,0.9288931930151734,0.9124012178267822,0.9210248907812236
7/3/17,0.9367686126651793,0.9434463763879251,0.9273576165536189,0.9434463763879251
7/10/17,0.9454271388454182,0.9477201861509239,0.9385876260252904,0.9441986574462619
7/17/17,0.9393438011412025,0.9427678690637721,0.9290383625094228,0.9297581131980546
7/24/17,0.9274432317603748,0.9395885584043181,0.9175537041664529,0.9180905059242688
7/31/17,0.9213502295435684,0.9282377139425315,0.9171279710144927,0.9264355625574592
8/7/17,0.9292391422590638,0.9295283152055139,0.8894428375274859,0.8894428375274859
8/14/17,0.9007911041974094,0.9169650386401327,0.8812965935802869,0.8870787611610793
8/21/17,0.8854126560306839,0.9018828726193421,0.8826358248163265,0.8920823381130846
8/28/17,0.8899393300900025,0.8899393300900025,0.8649681180351324,0.8818217732825638
9/5/17,0.8753000350572443,0.8753000350572443,0.8608002011622011,0.8633364937876066
9/11/17,0.8762635330598075,0.8947990540906556,0.8762635330598075,0.8947990540906556
9/18/17,0.9024335238553444,0.9201885852643603,0.9024229383679341,0.9137182198149951
9/25/17,0.916212713,0.9344910150518178,0.9027737945876495,0.9344910150518178
10/2/17,0.9385217632252207,0.9586930411951562,0.9385217632252207,0.9503703668345859
10/9/17,0.9468664922722788,0.9468664922722788,0.9306208394443548,0.9306208394443548
10/16/17,0.9316126704086578,0.9551789179343805,0.9315468371380172,0.9551789179343805
10/23/17,0.9616756569680939,0.9623845576509512,0.948706934,0.9623845576509512
10/30/17,0.9605499727941784,0.9659276212900015,0.9532289326008528,0.9659276212900015
11/6/17,0.9647641607852884,0.9649385599933707,0.9484796064240533,0.9598330112276068
11/13/17,0.9543553905954046,0.9602272976112026,0.946570902,0.9470315238482826
11/20/17,0.9526589507767784,0.9666494085260472,0.9526589507767784,0.9617542706834533
11/27/17,0.9544909494564335,0.9884679537787332,0.9544909494564335,0.981668736
12/4/17,0.9922574420965745,1.010472274,0.9836871175111405,1.010472274
12/11/17,1.0115595094196164,1.022233664991482,1.0055425419154125,1.0124128458633999
12/18/17,1.0138107294992895,1.0168437473886522,1.0023527082024144,1.0023527082024144
12/26/17,0.9960169944055943,0.9960169944055943,0.9784596056611402,0.9784596056611402
1/2/18,0.9740677252526873,0.9879796563675658,0.9733663316823773,0.9872881603766057
1/8/18,0.9878908534345048,0.9984427011188923,0.9878908534345048,0.9911374172967864
1/16/18,0.9993868896524487,1.0035292445024522,0.9851337460879138,1.0035292445024522
1/22/18,1.0022578982689114,1.0111419333544402,0.9926159614716444,1.010836192082455
1/29/18,1.0127838986518263,1.0140447459844864,0.9854943000237361,0.9854943000237361
2/5/18,0.9745764420438418,0.979064385,0.9201339446096952,0.948340032
2/12/18,0.9530447413531432,0.9673189556332558,0.9452809161065865,0.9652050164113786
2/20/18,0.9665525319767442,0.9843726215316315,0.9665525319767442,0.9843726215316315
2/26/18,0.9864209215500198,0.998270091,0.955927991,0.9718416139245554
3/5/18,0.9672994150777822,1.0062102447825394,0.9672994150777822,1.0062102447825394
3/12/18,1.0115732567978246,1.0115732567978246,0.993077892,1.0021987664526486
3/19/18,0.9989019339327286,0.9989019339327286,0.9231633544393072,0.9231633544393072
3/26/18,0.9337461596251463,0.9609238052619029,0.924837002,0.9549550805310437
4/2/18,0.9454655572838532,0.9641046557991231,0.9176427284705883,0.9374665042329299
4/9/18,0.9429712464215105,0.9592663140001574,0.9353884282073067,0.9484893925460964
4/16/18,0.9529877495694379,0.9680120160233641,0.9503120406835464,0.9610617682223802
4/23/18,0.9707616274478585,0.9723553444656489,0.9498100268958383,0.9685162325099602
4/30/18,0.9795628803954667,0.9795628803954667,0.9521935247907276,0.9745605435201541
5/7/18,0.9785703978313253,0.995331713,0.977596201,0.995331713
5/14/18,0.9966758207094919,1.0196230847831413,0.9966758207094919,1.0137160564496366
5/21/18,1.0220215780943025,1.0223296959112054,1.0057642959863504,1.0100074398181966
5/29/18,1.0072854794041028,1.0224474943260675,0.9996717805315507,1.0224474943260675
6/4/18,1.0223331523809525,1.0354658122103892,1.0223331523809525,1.0354658122103892
6/11/18,1.0353558671811536,1.0514675298335256,1.032753780895232,1.0514675298335256
6/18/18,1.0451812725175114,1.0615563935957304,1.0451812725175114,1.0521459934352668
6/25/18,1.0506828740833334,1.0593658000000001,1.0350398743552318,1.0519999340918667
7/2/18,1.0496403912675578,1.067832570108376,1.0496403912675578,1.0677894533905437
7/9/18,1.0657164829920602,1.09438653,1.0657164829920602,1.0935731545786922
7/16/18,1.0950332524891497,1.1199861850082515,1.092392220501914,1.104491903740563
7/23/18,1.1070549187096774,1.1240850119910284,1.1058176442332392,1.1143687772597775
7/30/18,1.114657473834197,1.1314625029689138,1.1072836488239364,1.1313141090323704
8/6/18,1.135179565293296,1.1434147388951916,1.1318463092325464,1.1334278543029035
8/13/18,1.1433632070995519,1.1730927072907291,1.1433632070995519,1.166597461428699
8/20/18,1.1662168404520377,1.1705782412993038,1.1556006716483131,1.1576096850911002
8/27/18,1.1630001683315807,1.175122977358823,1.1605718869140966,1.175122977358823
9/4/18,1.181624993,1.181624993,1.164064890713277,1.1663325767022872
9/10/18,1.1708892673494615,1.1818692757918952,1.161953671286611,1.1818692757918952
9/17/18,1.1755221122359156,1.1955662221438628,1.167232196150804,1.183866813728082
9/24/18,1.1796206994194227,1.1935060570774876,1.1771903431905935,1.1852605389322455
10/1/18,1.1951748472419927,1.1956156289291422,1.1538449758739104,1.1585760040421793
10/8/18,1.1717894873942092,1.173287049880181,1.076282355674555,1.0956803365443026
10/15/18,1.0856673923527385,1.1093364591537134,1.0827358904996116,1.0881594992673045
10/22/18,1.095238862334516,1.095238862334516,1.028894405117637,1.0384000715937312
10/29/18,1.0549604160295507,1.084386794217244,1.025920669285221,1.0684849005572223
11/5/18,1.0737281024251806,1.113705009685864,1.0695029052740257,1.1090995122292102
11/12/18,1.1106950297342337,1.1117149970188513,1.069787210485065,1.0820201279190451
11/19/18,1.081679482546557,1.081679482546557,1.0409023427781616,1.0424324331001125
11/26/18,1.0522105127762431,1.0926878514611793,1.0522105127762431,1.092585974640817
12/3/18,1.0998869800171527,1.1013449975164853,1.0202133417732238,1.0202133417732238
12/10/18,1.0229109259983007,1.0411864521407377,1.0074147102708226,1.0156099821459081
12/17/18,1.0085142366873987,1.0085142366873987,0.927354873,0.9289665457378706
12/24/18,0.9158331652588443,0.9519693874297985,0.8959327627062156,0.938176086
12/31/18,0.9458506239047776,0.9557292846217106,0.9154976121048762,0.9535117498353096
1/7/19,0.9500244105271776,0.9812232009211284,0.9500244105271776,0.9797526998357964
1/14/19,0.9692233691363077,1.0143489353825814,0.9692233691363077,1.0143489353825814
1/22/19,1.007375630879683,1.007375630879683,0.9929912700645375,0.9978415199413967
1/28/19,0.9897341410183299,1.0010042586345382,0.9802048631230843,1.0010042586345382
2/4/19,1.005338979272522,1.0200067976344784,0.997450549,1.0050771185894856
2/11/19,1.0165347016803312,1.0299059643349275,1.0121451779126214,1.0274625408653846
2/19/19,1.0154856079536434,1.0291044050996014,1.0118567460629921,1.0291044050996014
2/25/19,1.0324557312768325,1.0644610763045619,1.0280196142697884,1.0644610763045619
3/4/19,1.0715494090161237,1.0715494090161237,1.0259387878565607,1.0310587044936503
3/11/19,1.0366844795135488,1.0608391162429496,1.0366844795135488,1.0593358497194438
3/18/19,1.0571563580697487,1.0649485557082792,1.0402835684439784,1.0402835684439784
3/25/19,1.0338478741971742,1.0712226446192934,1.0295413452431352,1.0712226446192934
4/1/19,1.0755573441993465,1.0951582042113956,1.0755573441993465,1.094217513198885
4/8/19,1.0836455063023502,1.1022368759747188,1.077023852,1.1022368759747188
4/15/19,1.108487966419142,1.1186715482317782,1.103217047939583,1.1125298065963278
4/22/19,1.1092993000166032,1.1267618015992005,1.1092993000166032,1.1174279651478947
4/29/19,1.1224058836863005,1.1276148279320346,1.1158327131154324,1.1276148279320346
5/6/19,1.1097169226432304,1.1225329052230775,1.077046032811212,1.0973141403277609
5/13/19,1.065733042730164,1.101451267635883,1.0576842431228286,1.094751327310402
5/20/19,1.0886783380632312,1.1016663591724825,1.0722741471391901,1.076524822
5/28/19,1.0827750430463576,1.0858173973849718,1.0303176186653693,1.0303176186653693
6/3/19,1.024007348779112,1.0473062587092188,1.0136374403325075,1.0473062587092188
6/10/19,1.0635062411924119,1.0743663159116377,1.047264131238737,1.0535491035082174
6/17/19,1.0537959329913182,1.0648703402224502,1.0347147685360856,1.0351290237157145
6/24/19,1.0264435256458535,1.0264435256458535,1.0025163597196607,1.0214965173423425
7/1/19,1.0463579756004864,1.049029810059715,1.0277749347451919,1.046567555320115
7/8/19,1.0415871249054318,1.0476812390890395,1.0338257110513336,1.0428695756758781
7/15/19,1.0471077814987235,1.0493911658972226,1.014070384688575,1.0233771698520115
7/22/19,1.024444335017836,1.0474379708171206,1.0242163006253724,1.0474379708171206
7/29/19,1.0437506917052066,1.0437506917052066,0.995009627,0.9978732663919347
8/5/19,0.9673406091495685,0.9673406091495685,0.9277800629613856,0.9557035146538297
8/12/19,0.9478184689772007,0.9538607714769362,0.9156293560194851,0.9354975305364898
8/19/19,0.9563206051793672,0.9592488473017894,0.9137133321772908,0.9137133321772908
8/26/19,0.9202357878766886,0.9446118024193547,0.9084155594607608,0.9399058356869565
9/3/19,0.9254938717577262,0.9688891109780159,0.9209750617495711,0.9688891109780159
9/9/19,0.9692651325419681,0.9927039467713163,0.9689709684823808,0.9927039467713163
9/16/19,0.9790012253531073,0.9890120518086846,0.9686089383001049,0.9686089383001049
9/23/19,0.9646845211562631,0.9839570231563949,0.9497710767420942,0.9703532666241316
9/30/19,0.9815895855333763,0.9992820335337148,0.9339674300375115,0.9609509053558845
10/7/19,0.9637304397846415,0.9867690269634068,0.941564522,0.9796369520816968
10/14/19,0.975994201,0.9913251114533341,0.9748279718329894,0.9827974246760643
10/21/19,0.9859647836839114,0.9939574940982904,0.9725643405700679,0.9851031513463977
10/28/19,0.9936771770619469,1.0040620565889256,0.9847093795193461,0.9954699511083052
11/4/19,1.0031386489526222,1.0417455830846496,1.0019929269081955,1.0417455830846496
11/11/19,1.0350504655184942,1.0481161036052573,1.031959272491723,1.0447239491353735
11/18/19,1.0421330985264374,1.0486255441250996,1.0369832624909485,1.0455779765500217
11/25/19,1.0528877349257209,1.0684309715349245,1.0528877349257209,1.0570870757290003
12/2/19,1.062835654,1.062835654,1.0247901027559905,1.0607172862955965
12/9/19,1.0580099650217705,1.0613525948855018,1.0425670643868936,1.0566202064724919
12/16/19,1.0622202549568966,1.073738671391567,1.0622202549568966,1.071729059059633
12/23/19,1.0740672033254497,1.0740672033254497,1.0549401527748472,1.0555555331272395
12/30/19,1.0552655618686868,1.0552655618686868,1.0258241385934819,1.0290681059234883
1/6/20,1.0049520590137428,1.0411250242784844,1.0049520590137428,1.0312490223946635
1/13/20,1.0385735307140418,1.0562507297795372,1.0385735307140418,1.0541846495429117
1/21/20,1.0577811463950058,1.0579258259991344,1.0338780729152588,1.0338780729152588
1/27/20,1.0076022790136692,1.0350321246445497,1.0026415590303352,1.0026415590303352
2/3/20,1.0122725695546886,1.0579394076376556,1.0122725695546886,1.0452439558156845
2/10/20,1.0396254073949125,1.064267768876237,1.0396254073949125,1.0551298640939597
2/18/20,1.0463078939818522,1.0463078939818522,1.0055400924369748,1.0055400924369748
2/24/20,0.9502951753312302,0.9741891930118617,0.8779197395062537,0.9283459489823426
3/2/20,0.9242409122666667,0.9614770203083111,0.8615622202993746,0.8751844938114882
3/9/20,0.8082519132408575,0.8686636184394193,0.771898195,0.8686636184394193
3/16/20,0.8058058037220122,0.8197537049524343,0.7470515285198556,0.7527790668760259
3/23/20,0.7293625286139828,0.7872925254502741,0.7004005173615857,0.7671484871592775
3/30/20,0.7714750316252215,0.8012179139479905,0.7393724924831862,0.743738753
4/6/20,0.7665972113388687,0.8143256998994216,0.7637081681605612,0.8080924174806225
4/13/20,0.802129022,0.8306392347228354,0.7850113878322285,0.8306392347228354
4/20/20,0.8179629288236036,0.8215681394956934,0.7861578290682012,0.8013095961633055
4/27/20,0.8108696293550778,0.8450815335642317,0.8088353579577333,0.8166893540493178
5/4/20,0.8073449797293082,0.8458972682333875,0.8050921414545682,0.8458972682333875
5/11/20,0.8391456633404016,0.8513188015932757,0.7883243369450809,0.8073530602086255
5/18/20,0.8261063136980465,0.8445196031299669,0.8236013581517108,0.8415290772624227
5/26/20,0.8650522976380858,0.8831227652741187,0.858331359,0.8682140969246824
6/1/20,0.8676338428771787,0.9454563915700606,0.8676338428771787,0.9428329024112398
6/8/20,0.9433430220264317,0.9454133568119207,0.8537810173474408,0.8712335822777026
6/15/20,0.8630836890730127,0.9103435760271857,0.860944471,0.8811910183503018
6/22/20,0.8749675235066036,0.8868454985811749,0.8437751722709259,0.8437751722709259
6/29/20,0.8474476882204611,0.8859910417569195,0.8418762251173426,0.8750433546532519
7/6/20,0.8844170008941878,0.8860170629166666,0.8613845786823083,0.8793481718186654
7/13/20,0.8798018218333432,0.8906204718781486,0.8637293813135277,0.8867123204208794
7/20/20,0.8824687133989225,0.8908119093938155,0.8398151859147026,0.8415518538891997
7/27/20,0.8288552774264505,0.8323515915052407,0.8179344363478404,0.8251160856387855
8/3/20,0.8315559291542827,0.8338104193811074,0.804515404,0.8225856496514857
8/10/20,0.8220197295502093,0.883387534,0.8177293602616685,0.8658284278514298
8/17/20,0.8580014430126157,0.8779619834875603,0.8404227501321493,0.8745510997088392
8/24/20,0.8768627767754633,0.9045782039917489,0.8768627767754633,0.8907293353761051
8/31/20,0.8887012002814006,0.9173821582521081,0.8686639679533463,0.8826883310944726
9/8/20,0.8769902588300835,0.8769902588300835,0.8506992830966182,0.8568319980268566
9/14/20,0.8610710277823175,0.8712565269444896,0.8478934189115199,0.8531728549126639
9/21/20,0.8556462671819395,0.8865432047917855,0.8556462671819395,0.8858208943066195
9/28/20,0.8937949361314905,0.8952940812153749,0.8760092717555543,0.8857908270975693
10/5/20,0.889741084,0.9187554782928624,0.8888852106763554,0.9088868980008835
10/12/20,0.9182903671706264,0.9351529102766799,0.9154598109127765,0.9242552785754345
10/19/20,0.9224687441056798,0.9269958896225102,0.8994821300110742,0.9188072264890282
10/26/20,0.9088953055664336,0.9092481167243497,0.8705022895709009,0.87964445
11/2/20,0.8828634961191862,0.9212186171661365,0.8759162849227771,0.9082475510671981
11/9/20,0.9865574549937649,0.9865574549937649,0.9462830568712285,0.9604323570783473
11/16/20,0.9716792328612539,0.976552684,0.9660483518968733,0.9679928398315215
11/23/20,0.9768732785836666,1.0462231485919713,0.9768732785836666,1.040950303772573
11/30/20,1.0472142568394527,1.0472142568394527,1.0178356886005562,1.0315217186049213
12/7/20,1.0289575165739453,1.0289575165739453,1.008172319525953,1.0233484285465824
12/14/20,1.0349537039730092,1.0349537039730092,1.0124332537808511,1.0177454949557925
12/21/20,1.0087659929661354,1.0264882001142206,1.0024080167273555,1.0189654652112277
12/28/20,1.0230400214938509,1.0303301847375885,1.0139903061155726,1.016991874130971
1/4/21,1.0006573471451339,1.0712291658013153,0.9758576811396074,1.0712291658013153
1/11/21,1.068789551702103,1.0731370243090048,1.0638078242591316,1.0731370243090048
1/19/21,1.0719531321869027,1.081194508732231,1.0693374130297641,1.076568299252444
1/25/21,1.0729291132188041,1.0820987281648113,1.041043739,1.0473606209373731
2/1/21,1.043002300822763,1.125660442,1.0415268210387223,1.120169829750898
2/8/21,1.1118887856080857,1.1328487842287187,1.1076849873263181,1.1328487842287187
2/16/21,1.1545744071012252,1.1580617792340526,1.1419439339664246,1.1493289432968088
2/22/21,1.1319835974249437,1.1523414171559236,1.1040490598407418,1.1523414171559236
3/1/21,1.1612671710728086,1.1839935618151427,1.1409444860927151,1.1755985746512505
3/8/21,1.1838049452642199,1.2042528102043375,1.171831867718106,1.1968672076908786
3/15/21,1.1927520529866609,1.200441253510717,1.1679689310896577,1.1718191448174466
3/22/21,1.1823846256855857,1.1899421142751478,1.1521335223436295,1.1899421142751478
3/29/21,1.1905944494611669,1.2190970673351527,1.1905944494611669,1.2080729139399926
4/5/21,1.2206021049405646,1.2263606889814416,1.206359705799927,1.2263606889814416
4/12/21,1.2299705467338538,1.2379363159766943,1.2189121432445462,1.220573238473099
4/19/21,1.2214432190344162,1.2214432190344162,1.192931152557583,1.220543630889423
4/26/21,1.2218329684330553,1.240084481277932,1.2205115438260141,1.2253749038995532
5/3/21,1.2193192810691487,1.2193192810691487,1.1850761755961057,1.1920182445946734
5/10/21,1.1848403101192544,1.1848403101192544,1.148364779183422,1.1670447362904628
5/17/21,1.159483753952683,1.159483753952683,1.1240466958757063,1.141808605203363
5/24/21,1.1478369482259436,1.1563300073800737,1.1374428297116075,1.1431847123556453
6/1/21,1.1482867314835534,1.160321901466309,1.1426783097275828,1.1579184440054189
6/7/21,1.160072540574141,1.1759470518948445,1.1542426346770114,1.1759470518948445
6/14/21,1.19444006,1.2373327353632801,1.1824911288129782,1.2288143158915903
6/21/21,1.2222470288253664,1.252954137763371,1.2222470288253664,1.252954137763371
6/28/21,1.2547534544036476,1.274445866861385,1.2508156990216854,1.2629608322075438
7/6/21,1.2487971088202279,1.2539920691172972,1.225698574078436,1.2520113266355415
7/12/21,1.2561854746887968,1.2614429587807208,1.227077484971234,1.2312116511421993
7/19/21,1.2162101586927025,1.2656307455505458,1.2096349039611582,1.2656307455505458
7/26/21,1.2643122522837822,1.2712069008087536,1.2447281368908154,1.2519876076433871
8/2/21,1.262259299763733,1.3037971172254617,1.2440535117351705,1.3037971172254617
8/9/21,1.316776752,1.3338281889469754,1.2972995329647214,1.2972995329647214
8/16/21,1.2908851216937565,1.291365149384045,1.2602539623295863,1.2834094386922617
8/23/21,1.2726260950124395,1.299245089540602,1.2726260950124395,1.2825515665432752
8/30/21,1.2892668989744194,1.2987628183161004,1.282060821859516,1.2845818719162865
9/7/21,1.2959458304435008,1.3047848114651204,1.2903734380328455,1.2907765061012082
9/13/21,1.2967047667960585,1.3204973984432011,1.273403881945267,1.3116968942419245
9/20/21,1.287393107371112,1.3230825387630127,1.2708266826354606,1.3230825387630127
9/27/21,1.3158850483368936,1.317458738389147,1.268872407846966,1.2868745713591347
10/4/21,1.2888919775184802,1.3033312941346322,1.2615938924165457,1.2969711958838215
10/11/21,1.296638038892953,1.3130400855259179,1.266453486481658,1.3130400855259179
10/18/21,1.3085718106637652,1.3264750457540042,1.3058514916243955,1.3143007909638194
10/25/21,1.311326071,1.338130086787021,1.3069223270040944,1.3375303924392439
11/1/21,1.3364187080296333,1.365120039995174,1.3343758687915643,1.342599704074423
11/8/21,1.3424234662324708,1.3424497202108965,1.2966831802205376,1.3038303718543995
11/15/21,1.310180371280873,1.3210253532269258,1.3036724516905445,1.3162573189849949
11/22/21,1.3420148117127721,1.3579771619195788,1.323902278232503,1.3307392720407554
11/29/21,1.3448608970870293,1.3460242209201518,1.3024520370950259,1.3053934676828902
12/6/21,1.3172850397255327,1.3549802800456237,1.3095396059784246,1.3528904813903229
12/13/21,1.3501274448771718,1.3545230946133011,1.3085025939921324,1.3201214174612634
12/20/21,1.300773751,1.3424070003546937,1.2957257806776008,1.3401022561401432
12/27/21,1.3439213871330493,1.3684483640654874,1.3335015235727654,1.3335015235727654
1/3/22,1.3555653678787158,1.3629186462900256,1.3250862864663433,1.3290173644709389
1/10/22,1.3213947282504779,1.3279825331923394,1.2942830910622871,1.3079121223551602
1/18/22,1.2941161003795685,1.2941161003795685,1.2191848358758548,1.2191848358758548
1/24/22,1.1982371380253813,1.2549642582884502,1.1722074800117062,1.2549642582884502
1/31/22,1.2498034898384887,1.289470943625995,1.2473608357219634,1.264139356153026
2/7/22,1.2620224660961938,1.2754662641200865,1.2111335649272192,1.2111335649272192
2/14/22,1.209060578892853,1.233317377397735,1.1673055096028555,1.1694682474593496
2/22/22,1.1591517050149154,1.184154345341263,1.0737738779779833,1.184154345341263
2/28/22,1.157457833668791,1.171440865914297,1.1204532262630662,1.1204532262630662
3/7/22,1.1143424428842506,1.1143424428842506,1.0356429009451205,1.0814618964827922
3/14/22,1.0951298134185652,1.1858460960959285,1.0860097326188514,1.1858460960959285
3/21/22,1.1870167032844476,1.1988737573595003,1.1666108151916836,1.1845694249917753
3/28/22,1.1973885190708504,1.2382548504123827,1.1937113594243012,1.206160940557103
4/4/22,1.202654284500058,1.2105306517159173,1.1727633625392628,1.1727633625392628
4/11/22,1.1540189836217722,1.1557963752415659,1.1320442516531166,1.1356972009889155
4/18/22,1.1227074302231783,1.177634110958754,1.1227074302231783,1.125433559
4/25/22,1.1391046001580403,1.1547684477721583,1.107637396246679,1.107637396246679
5/2/22,1.1301508924781165,1.1614511170079636,1.1001870885279652,1.1120240364268614
5/9/22,1.1033286401560796,1.1273654177380177,1.0682116386745082,1.1273654177380177
5/16/22,1.126907013061806,1.1421174739266522,1.0567552739188952,1.075409853223275
5/23/22,1.0758534248830358,1.1401751419728088,1.056287594,1.1401751419728088
5/31/22,1.1361635882114527,1.1436349146815046,1.113748687935904,1.1297199381156564
6/6/22,1.1407131078641282,1.1438284768928222,1.060541690156984,1.060541690156984
6/13/22,1.0549096680686996,1.0590151613128491,1.0038361850136084,1.0159749134699596
6/21/22,1.0337227470478194,1.0912971032394614,1.0261046236816036,1.0912971032394614
6/27/22,1.0905193504498958,1.0998021564537923,1.0520862316333808,1.0768970278635932
7/5/22,1.0714417874745783,1.1420598972446527,1.0714417874745783,1.1403954668515095
7/11/22,1.135660340146977,1.151312118294447,1.1133400139947518,1.151312118294447
7/18/22,1.154190757183908,1.1920750447987851,1.1392438870166612,1.171319086201531
7/25/22,1.1741425664218128,1.195224799451554,1.162177301958821,1.195224799451554
8/1/22,1.1814714224148382,1.2025115775007602,1.1767939406012315,1.1948470479762843
8/8/22,1.1949055894115521,1.2176104692321439,1.1741405082124445,1.2176104692321439
8/15/22,1.2250991549490933,1.2464872640922402,1.2250991549490933,1.237738027839233
8/22/22,1.2299122763825312,1.2299122763825312,1.197935200853116,1.197935200853116
8/29/22,1.1878242162095378,1.1980957914106583,1.1702107669347745,1.1745836370714555
9/6/22,1.1797884206822895,1.216522674446252,1.1696644814300152,1.216522674446252
9/12/22,1.213684148596622,1.2234126584075204,1.1836031301737353,1.187668020213039
9/19/22,1.184483864,1.1951687292895614,1.1375650491352203,1.1500433095876086
9/26/22,1.143730110429448,1.1592799432331566,1.1076679270880507,1.108124919570699
10/3/22,1.1152448524813754,1.1376110117441278,1.099024159309995,1.1033178904864454
10/10/22,1.1201059899961525,1.1518854470439612,1.0918914181271253,1.1200544603869789
10/17/22,1.126617791182546,1.1688796450259034,1.126617791182546,1.1615489702886796
10/24/22,1.1723865945259044,1.217692389919039,1.164829312165164,1.217692389919039
10/31/22,1.2175359336225027,1.2197911106576262,1.1469744950213372,1.1531764709528984
11/7/22,1.1589954665855844,1.1708671724469517,1.1283393753865574,1.161598273334954
11/14/22,1.1589105524360537,1.1643511260361832,1.1408795779962149,1.1640206000982862
11/21/22,1.1624132858286136,1.1812716433298287,1.1624132858286136,1.179209107707389
11/28/22,1.1718711230589824,1.1826667566288454,1.155987010568758,1.1647151635776636
12/5/22,1.1611939936955868,1.1625876273392515,1.124436221,1.124436221
12/12/22,1.1303597425467744,1.1605374783996218,1.102302943017366,1.1032961741111578
12/19/22,1.1044557541839122,1.1044557541839122,1.0783310817115992,1.0982109985651083
12/27/22,1.0939185395199238,1.0939185395199238,1.0756717842296468,1.0815023782716342
1/3/23,1.0775623880457623,1.078205572839793,1.0617619522825803,1.0719067729549248
1/9/23,1.074784710102573,1.0893463096437979,1.0642384814729968,1.0738337990042517
1/17/23,1.0771479148757084,1.0814889728456014,1.0403098240035578,1.0638085836912266
1/23/23,1.0717828163162322,1.0948482615179167,1.057531732336824,1.091959450675148
1/30/23,1.0826725764421092,1.1497948552980515,1.0801144705750727,1.1497948552980515
2/6/23,1.137620966917466,1.1520944956316819,1.127557108852157,1.1347931791070602
2/13/23,1.1413525525188188,1.1705680148048454,1.1413525525188188,1.1491003011794934
2/21/23,1.1386850944509346,1.1419770431741367,1.1292064083484574,1.137042788832789
2/27/23,1.143872707425391,1.145589643443834,1.1124462670227753,1.1325057712331148
3/6/23,1.1352379566504178,1.1453625881973368,1.0666154998562143,1.0666154998562143
3/13/23,1.0369510881920072,1.0642117441860464,1.0192330977308592,1.0192330977308592
3/20/23,1.019826499,1.063061007594235,1.0116032767798455,1.033132243996733
3/27/23,1.0545171228815897,1.0732603709202053,1.0354704450501526,1.0732603709202053
4/3/23,1.067591238944792,1.0692253982733009,1.0364137990575029,1.0497916703308487
4/10/23,1.050974690571336,1.0604491058486796,1.0333768514966273,1.0602433931101094
4/17/23,1.062664939480338,1.074975703303822,1.0582873739121093,1.071966793541384
4/24/23,1.0724916359537133,1.0755540227272726,1.0436352529068211,1.0755540227272726
5/1/23,1.0667742249395324,1.0798827913246725,1.0167861851501785,1.052017541
5/8/23,1.0512322399637952,1.053985062263245,1.0401749088456247,1.0532540051389112
5/15/23,1.0502413644420714,1.1030759357677078,1.0493766555990418,1.0896405834240905
5/22/23,1.0920858100644035,1.1095905198430247,1.076113554048164,1.1095905198430247
5/30/23,1.1114391076931542,1.131942447887324,1.089643144647548,1.131942447887324
6/5/23,1.1337302067039106,1.137543966472384,1.1067819358250277,1.1322434896176665
6/12/23,1.136758958580858,1.1726257606156383,1.136758958580858,1.1630725198480427
6/20/23,1.168505023214484,1.1795114228237016,1.1584642006681516,1.1665343121212122
6/26/23,1.160240241552639,1.1970855861718925,1.1598406120511533,1.1950464222247152
7/3/23,1.1927715452102345,1.1978815470085469,1.1804441275190327,1.1804441275190327
7/10/23,1.1814718829960196,1.1975369872790351,1.1814718829960196,1.1937955038857961
7/17/23,1.1966977085474335,1.202785601010656,1.1888816181410362,1.197215519101987
7/24/23,1.1997656999780486,1.2191175404096015,1.198025718,1.2107027181898162
7/31/23,1.209358544756893,1.2204704417599468,1.1963750734224985,1.1963750734224985
8/7/23,1.2010428908132111,1.217055519641858,1.2010428908132111,1.2078320599662162
8/14/23,1.2102609301707565,1.2175241414209872,1.1838530633566513,1.197047783551018
8/21/23,1.1953680652075043,1.2057996959563213,1.1806303153781277,1.1902176796531923
8/28/23,1.1953518630453137,1.206617957996769,1.192187160353606,1.2064645396702014
9/5/23,1.2094470012267886,1.2107280539088003,1.1953207301329145,1.202512701089398
9/11/23,1.2032335677487846,1.2211473723434243,1.1971803937983627,1.1986446024447683
9/18/23,1.1947781119002348,1.195773363998206,1.1604044043470954,1.1609940330870003
9/25/23,1.1596946327560114,1.2025827581219015,1.1596946327560114,1.2025827581219015
10/2/23,1.2100039382600012,1.2189848817482232,1.1983900526830424,1.2181301687094874
10/9/23,1.2016443059352728,1.2187257473306519,1.1590336019683498,1.1590336019683498
10/16/23,1.1720355310953665,1.178231821622834,1.1022295449643227,1.1022295449643227
10/23/23,1.0984790227121262,1.114629197,1.0591736081117378,1.0591736081117378
10/30/23,1.0700325020480759,1.1315269409058932,1.0700325020480759,1.1315269409058932
11/6/23,1.137735149071359,1.1758941782073422,1.1354991885567796,1.1758941782073422
11/13/23,1.173098215496098,1.192440966516632,1.168680821616531,1.1791208356291176
11/20/23,1.1878517106186925,1.1916633196533684,1.1705151421432984,1.179239837753342
11/27/23,1.1713132347234134,1.173454837627064,1.1519846673250342,1.153485655799177
12/4/23,1.1600134732250698,1.1966216619801768,1.159588587,1.1966216619801768
12/11/23,1.2031736369647696,1.2214516505882353,1.2031736369647696,1.2214516505882353
12/18/23,1.221041784,1.2261450455122778,1.2037510901356994,1.2123723797761077
12/26/23,1.2097150820547729,1.2155092516362114,1.2032291060309355,1.2096733407438407
1/2/24,1.199972536773924,1.2111612734014938,1.1946796767227856,1.2001921258515977
1/8/24,1.214692624,1.2334026721066667,1.214692624,1.2184176867323808
1/16/24,1.2177988086174993,1.2425631780450168,1.2177988086174993,1.2425631780450168
1/22/24,1.2524154529188698,1.2643151152737753,1.2495556682434228,1.2621250404791187
1/29/24,1.2545508481227763,1.269773703764494,1.2378930485477833,1.2672341670643126
2/5/24,1.2771737243076922,1.2935142974383553,1.264770990818304,1.2933873551705757
2/12/24,1.301050088102894,1.3147658763967236,1.286980230456247,1.2998311423204896
2/20/24,1.283908407,1.312166367349115,1.2766720955397062,1.3024148772664617
2/26/24,1.3082751535758028,1.3082751535758028,1.2856742544467425,1.2882396756182282
3/4/24,1.2792766899819727,1.2798112608830206,1.2301263345732283,1.2301263345732283
3/11/24,1.2270286815229785,1.2517020469492968,1.2228075634369107,1.2384381496169445
3/18/24,1.2478786292697586,1.265436139098215,1.242512638212604,1.2622066479161467
3/25/24,1.2549917661911627,1.2553644689785561,1.2359162044526542,1.2359162044526542
4/1/24,1.220354396540157,1.2267152692811092,1.1694328527935298,1.1694328527935298
4/8/24,1.1676928978609131,1.1719562101020455,1.1110329616153538,1.141143484623542
4/15/24,1.144623074,1.144623074,1.085379555987875,1.085379555987875
4/22/24,1.1150075898775134,1.1443076222760291,1.1150075898775134,1.1370562253254548
4/29/24,1.1446071779927784,1.170898359973423,1.134765292,1.1646369933790384
5/6/24,1.1586106652412385,1.1739437461372786,1.1539234318761384,1.1542356539710117
5/13/24,1.1676517976596332,1.1706119328279347,1.1463051945476013,1.147279497585621
5/20/24,1.1471813203449661,1.186457372221193,1.1411785616852783,1.186457372221193
5/28/24,1.175510866318729,1.1833764422666047,1.163485501,1.1833764422666047
6/3/24,1.1855059228881069,1.2156730089792063,1.1713347353623458,1.2156730089792063
6/10/24,1.204100223,1.225951059632812,1.2014146432658037,1.2093595834608077
6/17/24,1.2127558259655653,1.2279122462156606,1.2049919025027505,1.2220874488313622
6/24/24,1.2178579930410576,1.2366676835073853,1.2152284943189724,1.2214564748616346
7/1/24,1.2245642842276423,1.227858572787159,1.207920387020969,1.2092118752093424
7/8/24,1.2186828536241123,1.2310243260849745,1.2041655344232922,1.2128855971045671
7/15/24,1.2164632452213617,1.2164632452213617,1.1822926880347564,1.200155751770171
7/22/24,1.2085888988627131,1.2137166042067729,1.1824804199061962,1.2000432877668497
7/29/24,1.201240895462352,1.2046051823597892,1.1362798922014339,1.1453782449631669
8/5/24,1.1181673432172652,1.1585604630021142,1.1181673432172652,1.1494441063412897
8/12/24,1.1444954636950562,1.1799897809168443,1.1293387884505932,1.1560067543428596
8/19/24,1.1671683253964806,1.1829208230749197,1.1580427674468359,1.1745595173691923
8/26/24,1.169635635039623,1.181619932033378,1.1619894603562997,1.181619932033378
9/3/24,1.179554320470527,1.1795873706081375,1.134175495382214,1.134175495382214
9/9/24,1.1393638681570526,1.1541208322927878,1.129708726124021,1.1402633454415954
9/16/24,1.1396132922548485,1.162478794996642,1.1392806854442343,1.1408308257710251
9/23/24,1.140252385726633,1.1414531586451293,1.1257140759980566,1.1335965145702391
9/30/24,1.1367396308972415,1.147234882292438,1.1217980838978208,1.1365026759591839
10/7/24,1.1355955937525555,1.1622754599875542,1.1290843291497477,1.1478061519941338
10/14/24,1.1522701588350464,1.158938378872607,1.1322069136785131,1.1322069136785131
10/21/24,1.124141091081744,1.128865107515325,1.1100215472919628,1.1100215472919628
10/28/24,1.1172977579542311,1.1172977579542311,1.0916703665338647,1.1008479274369232
11/4/24,1.0969208517290383,1.1783776296983384,1.0946997560091418,1.1783776296983384
11/11/24,1.2087172333044949,1.2342381357737668,1.2056980683366478,1.208368915761444
11/18/24,1.190272707435748,1.191695911095468,1.1673349329845442,1.1687222360710856
11/25/24,1.2040801669054733,1.2142265417667024,1.2003529040978593,1.2023801307056476
12/2/24,1.2097105220895032,1.2267812459834595,1.2072425221877803,1.2259439615558758
12/9/24,1.2096876193763195,1.2096876193763195,1.1842643698198916,1.20906083
12/16/24,1.2061110858970703,1.214365180142752,1.1764378328564915,1.1929482147046675
12/23/24,1.196198910057947,1.215773254224652,1.1927519542904632,1.2034924689312343
12/30/24,1.1920174137215862,1.1987380839555335,1.1630579950016386,1.1890642904842088
1/6/25,1.2034805947674658,1.2034805947674658,1.1422652578468995,1.143526603198904
1/13/25,1.1429831922546074,1.1739374615878366,1.1429831922546074,1.1739374615878366
1/21/25,1.1675280641794008,1.1750118606289606,1.1625989134619146,1.1643492177977703
1/27/25,1.1480416955014574,1.161696166764879,1.1409283860999382,1.1409283860999382
2/3/25,1.1156193574590954,1.1292776973115606,1.1122310672628748,1.1155956059113301
2/10/25,1.1042793451492539,1.1221076106234695,1.0978820484746397,1.1198293752300121
2/18/25,1.1076941996069416,1.1076941996069416,1.0798211135037306,1.0798211135037306
2/24/25,1.080781817388101,1.0997473608959758,1.0685095370853386,1.099352262810043
3/3/25,1.0954276675217869,1.0954276675217869,1.0265863964280377,1.042969192667387
3/10/25,1.0315359912936253,1.0315359912936253,0.97375484,0.9942199243932567
3/17/25,0.9922052260288886,1.0015249549477943,0.9749170461851694,0.9892156186936694
3/24/25,0.9997692755010577,1.0120267644364291,0.9543128609800746,0.9543128609800746
3/31/25,0.9319001341773034,0.9578664364252847,0.8806536458601457,0.8806536458601457
4/7/25,0.8532720159939754,0.9327024176536547,0.8495970605910282,0.8709847648440909
4/14/25,0.8937613145090342,0.8937613145090342,0.8325781454776076,0.8379987113550242
4/21/25,0.8064054227576465,0.8832638112863676,0.7892905292965329,0.8805042774587339
4/28/25,0.8834220137432189,0.927599168,0.8693911399035816,0.927599168
5/5/25,0.8965561643566945,0.9056575692151135,0.8641083036008622,0.8981329918524313
5/12/25,0.9530301261019677,0.9861955925090561,0.9498237469847046,0.9858199907558456
5/19/25,0.9635027107723815,0.9740485827265712,0.9085332906494853,0.9123241922518159
5/27/25,0.9413220489450644,0.948123251,0.9388565126453394,0.946610206
6/2/25,0.9277044575207788,0.9587321043318696,0.9235249030837004,0.9587321043318696
6/9/25,0.9591766072562953,0.959767883,0.9201336971569061,0.9201972023775649
6/16/25,0.9304734115628971,0.9474721824588627,0.9304734115628971,0.9380271992390288
6/23/25,0.9375841338209706,1.0001698076858982,0.9328185105861879,0.9982920712768075
6/30/25,0.998863122,0.998863122,0.9766334691384032,0.9972886361268477
7/7/25,1.0006655793096666,1.0048563103959418,0.9859459632589921,0.9875877611761662
7/14/25,0.9869105590642897,1.0015445023597274,0.9831054030987818,0.9966642993287721
7/21/25,0.9882215895216109,1.0147546392973326,0.9745882073394495,1.0147546392973326
7/28/25,1.0195885777639995,1.031710625465178,0.9835658482417261,0.9835658482417261
8/4/25,0.9841047248712999,0.9986499279802387,0.9841047248712999,0.9943436109567161
8/11/25,1.009583272,1.0287037368061431,1.006525017890131,1.0236477506424226
8/18/25,1.0219658432697618,1.0262400989698788,1.0068291432335719,1.018740627825359
8/25/25,1.0198076013175315,1.0198076013175315,0.9948135703775899,0.9948135703775899
9/2/25,0.9748797894457952,0.9748797894457952,0.9590769375626044,0.9598634706841866
9/8/25,0.9550075655757356,0.9784937003280296,0.94435023,0.9614697393119074
9/15/25,0.962355244,0.9709031348970972,0.9521664248122507,0.9629196339996462
9/22/25,0.9509027354048141,0.9528197220337001,0.9347081618951902,0.9383114969717944
9/29/25,0.9288590413883282,0.9320468772908367,0.9153086205463683,0.920022577
10/6/25,0.9125049766677711,0.9125049766677711,0.869337827,0.869337827
10/13/25,0.8628518176361222,0.8633152104333647,0.8160620964143628,0.8390303736856989
10/20/25,0.8253107535790665,0.885964997,0.8185888706188764,0.8814534280303031
10/27/25,0.9046637100207474,0.9334574121403977,0.900049312,0.9085935630500923
11/3/25,0.9109186368762029,0.9143912718392873,0.8843704330822554,0.8936942662159594
11/10/25,0.8841470514191472,0.8841470514191472,0.8592395439966567,0.8748994191137355
11/17/25,0.8763229426123224,0.8788708749321611,0.8515267067093503,0.8627042582627515
11/24/25,0.8658490370785318,0.8726631793881091,0.8618180843381414,0.8645945797411572
12/1/25,0.8525526514426154,0.8710418453058689,0.8525526514426154,0.8710418453058689
12/8/25,0.8713854602862902,0.8714672795239707,0.8461480496016385,0.847258372
12/15/25,0.8473054680711987,0.8473054680711987,0.8259029324050188,0.8402315675905969
12/22/25,0.8280505184529952,0.8296608498471852,0.8132990799378659,0.8150645486394394
12/29/25,0.8383292870237328,0.853894215,0.8383292870237328,0.8444059455659336
1/5/26,0.831713379,0.8358047460961515,0.8254559622080989,0.8266057498359619